# n one_over_n log2_n twelve_sqrt_n fifty_sqrt_n n_power_0_51 two_power_32_n n_log2_n n2_minus_324 hundred_n2_plus_6n two_n3 n_power_log2_n three_power_n
2.00 5.000000000000e-01 1.000000000000e+00 1.697056274848e+01 7.071067811865e+01 1.424050195597e+00 8.589934592000e+09 2.000000000000e+00 -3.200000000000e+02 4.120000000000e+02 1.600000000000e+01 2.000000000000e+00 9.000000000000e+00
2.10 4.761904761905e-01 1.070389327891e+00 1.738965209543e+01 7.245688373095e+01 1.459929352443e+00 9.019431321600e+09 2.247817588572e+00 -3.195900000000e+02 4.536000000000e+02 1.852200000000e+01 2.212585664929e+00 1.004510856631e+01
2.20 4.545454545455e-01 1.137503523750e+00 1.779887636903e+01 7.416198487096e+01 1.494980635305e+00 9.448928051200e+09 2.502507752250e+00 -3.191600000000e+02 4.972000000000e+02 2.129600000000e+01 2.451924007977e+00 1.121157845654e+01
2.30 4.347826086957e-01 1.201633861170e+00 1.819890106572e+01 7.582875444052e+01 1.529259532696e+00 9.878424780800e+09 2.763757880690e+00 -3.187100000000e+02 5.428000000000e+02 2.433400000000e+01 2.720598262023e+00 1.251350253284e+01
2.40 4.166666666667e-01 1.263034405834e+00 1.859032006180e+01 7.745966692415e+01 1.562815584088e+00 1.030792151040e+10 3.031282574001e+00 -3.182400000000e+02 5.904000000000e+02 2.764800000000e+01 3.021481084534e+00 1.396661016524e+01
2.50 4.000000000000e-01 1.321928094887e+00 1.897366596101e+01 7.905694150421e+01 1.595693237153e+00 1.073741824000e+10 3.304820237218e+00 -3.177500000000e+02 6.400000000000e+02 3.125000000000e+01 3.357747833387e+00 1.558845726812e+01
2.60 3.846153846154e-01 1.378511623254e+00 1.934941859592e+01 8.062257748299e+01 1.627932552354e+00 1.116691496960e+10 3.584130220460e+00 -3.172400000000e+02 6.916000000000e+02 3.515200000000e+01 3.732893361621e+00 1.739863840439e+01
2.70 3.703703703704e-01 1.432959407276e+00 1.971801207019e+01 8.215838362577e+01 1.659569786857e+00 1.159641169920e+10 3.868990399645e+00 -3.167100000000e+02 7.452000000000e+02 3.936600000000e+01 4.150751789484e+00 1.941902351977e+01
2.80 3.571428571429e-01 1.485426827170e+00 2.007984063682e+01 8.366600265341e+01 1.690637882121e+00 1.202590842880e+10 4.159195116077e+00 -3.161600000000e+02 8.008000000000e+02 4.390400000000e+01 4.615518921780e+00 2.167402216753e+01
2.90 3.448275862069e-01 1.536052900240e+00 2.043526363911e+01 8.514693182963e+01 1.721166873904e+00 1.245540515840e+10 4.454553410697e+00 -3.155900000000e+02 8.584000000000e+02 4.877800000000e+01 5.131777115515e+00 2.419087841570e+01
3.00 3.333333333333e-01 1.584962500721e+00 2.078460969083e+01 8.660254037844e+01 1.751184239261e+00 1.288490188800e+10 4.754887502163e+00 -3.150000000000e+02 9.180000000000e+02 5.400000000000e+01 5.704522494691e+00 2.700000000000e+01
3.10 3.225806451613e-01 1.632268215500e+00 2.112818023399e+01 8.803408430830e+01 1.780715191992e+00 1.331439861760e+10 5.060031468048e+00 -3.143900000000e+02 9.796000000000e+02 5.958200000000e+01 6.339194472308e+00 3.013532569892e+01
3.20 3.125000000000e-01 1.678071905113e+00 2.146625258400e+01 8.944271909999e+01 1.809782935596e+00 1.374389534720e+10 5.369830096360e+00 -3.137600000000e+02 1.043200000000e+03 6.553600000000e+01 7.041707584283e+00 3.363473536962e+01
3.30 3.030303030303e-01 1.722466024471e+00 2.179908254950e+01 9.082951062292e+01 1.838408880980e+00 1.417339207680e+10 5.684137880755e+00 -3.131100000000e+02 1.108800000000e+03 7.187400000000e+01 7.818485672573e+00 3.754050759853e+01
3.40 2.941176470588e-01 1.765534746363e+00 2.212690669750e+01 9.219544457293e+01 1.866612834744e+00 1.460288880640e+10 6.002818137634e+00 -3.124400000000e+02 1.176400000000e+03 7.860800000000e+01 8.676498479233e+00 4.189983049571e+01
3.50 2.857142857143e-01 1.807354922058e+00 2.244994432064e+01 9.354143466935e+01 1.894413162763e+00 1.503238553600e+10 6.325742227202e+00 -3.117500000000e+02 1.246000000000e+03 8.575000000000e+01 9.623300732180e+00 4.676537180436e+01
3.60 2.777777777778e-01 1.847996906555e+00 2.276839915321e+01 9.486832980505e+01 1.921826932918e+00 1.546188226560e+10 6.652788863598e+00 -3.110400000000e+02 1.317600000000e+03 9.331200000000e+01 1.066707381880e+01 5.219591521316e+01
3.70 2.702702702703e-01 1.887525270742e+00 2.308246087401e+01 9.617692030836e+01 1.948870040133e+00 1.589137899520e+10 6.983843501744e+00 -3.103100000000e+02 1.391200000000e+03 1.013060000000e+02 1.181667015637e+01 5.825707055931e+01
3.80 2.631578947368e-01 1.925999418556e+00 2.339230642754e+01 9.746794344809e+01 1.975557316337e+00 1.632087572480e+10 7.318797790514e+00 -3.095600000000e+02 1.466800000000e+03 1.097440000000e+02 1.308166037946e+01 6.502206650258e+01
3.90 2.564102564103e-01 1.963474123975e+00 2.369810118976e+01 9.874208829066e+01 2.001902627503e+00 1.675037245440e+10 7.657549083502e+00 -3.087900000000e+02 1.544400000000e+03 1.186380000000e+02 1.447238347437e+01 7.257263524710e+01
4.00 2.500000000000e-01 2.000000000000e+00 2.400000000000e+01 1.000000000000e+02 2.027918959580e+00 1.717986918400e+10 8.000000000000e+00 -3.080000000000e+02 1.624000000000e+03 1.280000000000e+02 1.600000000000e+01 8.100000000000e+01
4.10 2.439024390244e-01 2.035623909731e+00 2.429814807758e+01 1.012422836566e+02 2.053618494841e+00 1.760936591360e+10 8.346058029896e+00 -3.071900000000e+02 1.705600000000e+03 1.378420000000e+02 1.767654854313e+01 9.040597709675e+01
4.20 2.380952380952e-01 2.070389327891e+00 2.459268183830e+01 1.024695076596e+02 2.079012679905e+00 1.803886264320e+10 8.695635177144e+00 -3.063600000000e+02 1.789200000000e+03 1.481760000000e+02 1.951500556467e+01 1.009042061089e+02
4.30 2.325581395349e-01 2.104336659815e+00 2.488372962399e+01 1.036822067666e+02 2.104112286536e+00 1.846835937280e+10 9.048647637203e+00 -3.055100000000e+02 1.874800000000e+03 1.590140000000e+02 2.152934880156e+01 1.126215227956e+02
4.40 2.272727272727e-01 2.137503523750e+00 2.517141235608e+01 1.048808848170e+02 2.128927466120e+00 1.889785610240e+10 9.405015504500e+00 -3.046400000000e+02 1.962400000000e+03 1.703680000000e+02 2.373462439722e+01 1.256994914871e+02
4.50 2.222222222222e-01 2.169925001442e+00 2.545584412272e+01 1.060660171780e+02 2.153467798619e+00 1.932735283200e+10 9.764662506490e+00 -3.037500000000e+02 2.052000000000e+03 1.822500000000e+02 2.614701794189e+01 1.402961154131e+02
4.60 2.173913043478e-01 2.201633861170e+00 2.573713270743e+01 1.072380529476e+02 2.177742336654e+00 1.975684956160e+10 1.012751576138e+01 -3.028400000000e+02 2.143600000000e+03 1.946720000000e+02 2.878392961221e+01 1.565877456395e+02
4.70 2.127659574468e-01 2.232660756790e+00 2.601538006641e+01 1.083974169434e+02 2.201759645319e+00 2.018634629120e+10 1.049350555691e+01 -3.019100000000e+02 2.237200000000e+03 2.076460000000e+02 3.166405360815e+01 1.747712116779e+02
4.80 2.083333333333e-01 2.263034405834e+00 2.629068276025e+01 1.095445115010e+02 2.225527838202e+00 2.061584302080e+10 1.086256514800e+01 -3.009600000000e+02 2.332800000000e+03 2.211840000000e+02 3.480746209383e+01 1.950661995077e+02
4.90 2.040816326531e-01 2.292781749228e+00 2.656313234541e+01 1.106797181059e+02 2.249054610054e+00 2.104533975040e+10 1.123463057122e+01 -2.999900000000e+02 2.430400000000e+03 2.352980000000e+02 3.823569385781e+01 2.177179057413e+02
5.00 2.000000000000e-01 2.321928094887e+00 2.683281573000e+01 1.118033988750e+02 2.272347266481e+00 2.147483648000e+10 1.160964047444e+01 -2.990000000000e+02 2.530000000000e+03 2.500000000000e+02 4.197184791733e+01 2.430000000000e+02
5.10 1.960784313725e-01 2.350497247084e+00 2.709981549753e+01 1.129158979064e+02 2.295412750978e+00 2.190433320960e+10 1.198753596013e+01 -2.979900000000e+02 2.631600000000e+03 2.653020000000e+02 4.604068230037e+01 2.712179312902e+02
5.20 1.923076923077e-01 2.378511623254e+00 2.736421020238e+01 1.140175425099e+02 2.318257669598e+00 2.233382993920e+10 1.236826044092e+01 -2.969600000000e+02 2.735200000000e+03 2.812160000000e+02 5.046871824911e+01 3.027126183266e+02
5.30 1.886792452830e-01 2.405992359676e+00 2.762607463973e+01 1.151086443322e+02 2.340888313498e+00 2.276332666880e+10 1.275175950628e+01 -2.959100000000e+02 2.840800000000e+03 2.977540000000e+02 5.528435009811e+01 3.378645683868e+02
5.40 1.851851851852e-01 2.432959407276e+00 2.788548009269e+01 1.161895003862e+02 2.363310679580e+00 2.319282339840e+10 1.313798079929e+01 -2.948400000000e+02 2.948400000000e+03 3.149280000000e+02 6.051796109068e+01 3.770984744614e+02
5.50 1.818181818182e-01 2.459431618637e+00 2.814249455894e+01 1.172603939956e+02 2.385530489432e+00 2.362232012800e+10 1.352687390251e+01 -2.937500000000e+02 3.058000000000e+03 3.327500000000e+02 6.620204540769e+01 4.208883462392e+02
5.60 1.785714285714e-01 2.485426827170e+00 2.839718295888e+01 1.183215956620e+02 2.407553206718e+00 2.405181685760e+10 1.391839023215e+01 -2.926400000000e+02 3.169600000000e+03 3.512320000000e+02 7.237133669352e+01 4.697632369184e+02
5.70 1.754385964912e-01 2.510961919277e+00 2.864960732715e+01 1.193733638631e+02 2.429384053190e+00 2.448131358720e+10 1.431248293988e+01 -2.915100000000e+02 3.283200000000e+03 3.703860000000e+02 7.906294337529e+01 5.243136350338e+02
5.80 1.724137931034e-01 2.536052900240e+00 2.889982698910e+01 1.204159457879e+02 2.451028023438e+00 2.491081031680e+10 1.470910682139e+01 -2.903600000000e+02 3.398800000000e+03 3.902240000000e+02 8.631649108296e+01 5.851985985232e+02
5.90 1.694915254237e-01 2.560714954474e+00 2.914789872358e+01 1.214495780149e+02 2.472489898499e+00 2.534030704640e+10 1.510821823140e+01 -2.891900000000e+02 3.516400000000e+03 4.107580000000e+02 9.417427248973e+01 6.531537172239e+02
6.00 1.666666666667e-01 2.584962500721e+00 2.939387691340e+01 1.224744871392e+02 2.493774258446e+00 2.576980377600e+10 1.550977500433e+01 -2.880000000000e+02 3.636000000000e+03 4.320000000000e+02 1.026814049044e+02 7.290000000000e+02
6.10 1.639344262295e-01 2.608809242676e+00 2.963781368455e+01 1.234908903523e+02 2.514885494027e+00 2.619930050560e+10 1.591373638032e+01 -2.867900000000e+02 3.757600000000e+03 4.539620000000e+02 1.118859959604e+02 8.136537938707e+02
6.20 1.612903225806e-01 2.632268215500e+00 2.987975903517e+01 1.244989959799e+02 2.535827817458e+00 2.662879723520e+10 1.632006293610e+01 -2.855600000000e+02 3.881200000000e+03 4.766560000000e+02 1.218393177578e+02 9.081378549797e+02
6.30 1.587301587302e-01 2.655351828613e+00 3.011976095523e+01 1.254990039801e+02 2.556605272433e+00 2.705829396480e+10 1.672871652026e+01 -2.843100000000e+02 4.006800000000e+03 5.000940000000e+02 1.325959898312e+02 1.013593705160e+03
6.40 1.562500000000e-01 2.678071905113e+00 3.035786553762e+01 1.264911064067e+02 2.577221743423e+00 2.748779069440e+10 1.713966019272e+01 -2.830400000000e+02 4.134400000000e+03 5.242880000000e+02 1.442141713261e+02 1.131295423384e+03
6.50 1.538461538462e-01 2.700439718141e+00 3.059411708156e+01 1.274754878398e+02 2.597680964332e+00 2.791728742400e+10 1.755285816792e+01 -2.817500000000e+02 4.264000000000e+03 5.492500000000e+02 1.567557627838e+02 1.262665038718e+03
6.60 1.515151515152e-01 2.722466024471e+00 3.082855818880e+01 1.284523257867e+02 2.617986526547e+00 2.834678415360e+10 1.796827576151e+01 -2.804400000000e+02 4.395600000000e+03 5.749920000000e+02 1.702866179486e+02 1.409289710755e+03
6.70 1.492537313433e-01 2.744161095570e+00 3.106122985331e+01 1.294217910554e+02 2.638141886449e+00 2.877628088320e+10 1.838587934032e+01 -2.791100000000e+02 4.529200000000e+03 6.015260000000e+02 1.848767660267e+02 1.572940905101e+03
6.80 1.470588235294e-01 2.765534746363e+00 3.129217154497e+01 1.303840481041e+02 2.658150372422e+00 2.920577761280e+10 1.880563627527e+01 -2.777600000000e+02 4.664800000000e+03 6.288640000000e+02 2.006006448399e+02 1.755595795570e+03
6.90 1.449275362319e-01 2.786596361891e+00 3.152142128775e+01 1.313392553656e+02 2.678015191396e+00 2.963527434240e+10 1.922751489705e+01 -2.763900000000e+02 4.802400000000e+03 6.570180000000e+02 2.175373453369e+02 1.959461151672e+03
7.00 1.428571428571e-01 2.807354922058e+00 3.174901573278e+01 1.322875655532e+02 2.697739434975e+00 3.006477107200e+10 1.965148445440e+01 -2.750000000000e+02 4.942000000000e+03 6.860000000000e+02 2.357708679384e+02 2.187000000000e+03
7.10 1.408450704225e-01 2.827819024617e+00 3.197499022674e+01 1.332291259447e+02 2.717326085160e+00 3.049426780160e+10 2.007751507478e+01 -2.735900000000e+02 5.083600000000e+03 7.158220000000e+02 2.553903912113e+02 2.440961381612e+03
7.20 1.388888888889e-01 2.847996906555e+00 3.219937887600e+01 1.341640786500e+02 2.736778019725e+00 3.092376453120e+10 2.050557772720e+01 -2.721600000000e+02 5.227200000000e+03 7.464960000000e+02 2.764905533832e+02 2.724413564939e+03
7.30 1.369863013699e-01 2.867896463993e+00 3.242221460666e+01 1.350925608611e+02 2.756098017249e+00 3.135326126080e+10 2.093564418715e+01 -2.707100000000e+02 5.372800000000e+03 7.780340000000e+02 2.991717472297e+02 3.040781115481e+03
7.40 1.351351351351e-01 2.887525270742e+00 3.264352922097e+01 1.360147050874e+02 2.775288761845e+00 3.178275799040e+10 2.136768700349e+01 -2.692400000000e+02 5.520400000000e+03 8.104480000000e+02 3.235404288814e+02 3.393886270153e+03
7.50 1.333333333333e-01 2.906890595609e+00 3.286335345031e+01 1.369306393763e+02 2.794352847597e+00 3.221225472000e+10 2.180167946706e+01 -2.677500000000e+02 5.670000000000e+03 8.437500000000e+02 3.497094411211e+02 3.787995116153e+03
7.60 1.315789473684e-01 2.925999418556e+00 3.308171700502e+01 1.378404875209e+02 2.813292782743e+00 3.264175144960e+10 2.223759558103e+01 -2.662400000000e+02 5.821600000000e+03 8.779520000000e+02 3.777983517588e+02 4.227869132266e+03
7.70 1.298701298701e-01 2.944858445808e+00 3.329864862123e+01 1.387443692551e+02 2.832110993599e+00 3.307124817920e+10 2.267541003272e+01 -2.647100000000e+02 5.975200000000e+03 9.130660000000e+02 4.079338076932e+02 4.718822715304e+03
7.80 1.282051282051e-01 2.963474123975e+00 3.351417610505e+01 1.396424004377e+02 2.850809828262e+00 3.350074490880e+10 2.311509816700e+01 -2.631600000000e+02 6.130800000000e+03 9.491040000000e+02 4.402499052904e+02 5.266787386709e+03
7.90 1.265822784810e-01 2.981852653290e+00 3.372832637413e+01 1.405346932256e+02 2.869391560100e+00 3.393024163840e+10 2.355663596099e+01 -2.615900000000e+02 6.288400000000e+03 9.860780000000e+02 4.748885777310e+02 5.878383455015e+03
8.00 1.250000000000e-01 3.000000000000e+00 3.394112549695e+01 1.414213562373e+02 2.887858391045e+00 3.435973836800e+10 2.400000000000e+01 -2.600000000000e+02 6.448000000000e+03 1.024000000000e+03 5.120000000000e+02 6.561000000000e+03
8.10 1.234567901235e-01 3.017921907997e+00 3.415259872982e+01 1.423024947076e+02 2.906212454697e+00 3.478923509760e+10 2.444516745478e+01 -2.583900000000e+02 6.609600000000e+03 1.062882000000e+03 5.517430122158e+02 7.322884144836e+03
8.20 1.219512195122e-01 3.035623909731e+00 3.436277055186e+01 1.431782106328e+02 2.924455819260e+00 3.521873182720e+10 2.489211605979e+01 -2.567600000000e+02 6.773200000000e+03 1.102736000000e+03 5.942855620200e+02 8.173240694817e+03
8.30 1.204819277108e-01 3.053111336460e+00 3.457166469813e+01 1.440486029089e+02 2.942590490320e+00 3.564822855680e+10 2.534082409261e+01 -2.551100000000e+02 6.938800000000e+03 1.143574000000e+03 6.398051667727e+02 9.122343346443e+03
8.40 1.190476190476e-01 3.070389327891e+00 3.477930419085e+01 1.449137674619e+02 2.960618413467e+00 3.607772528640e+10 2.579127035429e+01 -2.534400000000e+02 7.106400000000e+03 1.185408000000e+03 6.884893963217e+02 1.018165881046e+04
8.50 1.176470588235e-01 3.087462841250e+00 3.498571136907e+01 1.457737973711e+02 2.978541476784e+00 3.650722201600e+10 2.624343415063e+01 -2.517500000000e+02 7.276000000000e+03 1.228250000000e+03 7.405363771444e+02 1.136398534846e+04
8.60 1.162790697674e-01 3.104336659815e+00 3.519090791668e+01 1.466287829862e+02 2.996361513199e+00 3.693671874560e+10 2.669729527441e+01 -2.500400000000e+02 7.447600000000e+03 1.272112000000e+03 7.961553186816e+02 1.268360739680e+04
8.70 1.149425287356e-01 3.121015400961e+00 3.539491488901e+01 1.474788120375e+02 3.014080302718e+00 3.736621547520e+10 2.715283398836e+01 -2.483100000000e+02 7.621200000000e+03 1.317006000000e+03 8.555670627143e+02 1.415646814591e+04
8.80 1.136363636364e-01 3.137503523750e+00 3.559775273806e+01 1.483239697419e+02 3.031699574541e+00 3.779571220480e+10 2.761003100900e+01 -2.465600000000e+02 7.796800000000e+03 1.362944000000e+03 9.190046566603e+02 1.580036216013e+04
8.90 1.123595505618e-01 3.153805336079e+00 3.579944133642e+01 1.491643389018e+02 3.049221009074e+00 3.822520893440e+10 2.806886749110e+01 -2.447900000000e+02 7.974400000000e+03 1.409938000000e+03 9.867139516971e+02 1.763515036505e+04
9.00 1.111111111111e-01 3.169925001442e+00 3.600000000000e+01 1.500000000000e+02 3.066646239835e+00 3.865470566400e+10 2.852932501298e+01 -2.430000000000e+02 8.154000000000e+03 1.458000000000e+03 1.058954226646e+03 1.968300000000e+04
9.10 1.098901098901e-01 3.185866545311e+00 3.619944750960e+01 1.508310312900e+02 3.083976855270e+00 3.908420239360e+10 2.899138556233e+01 -2.411900000000e+02 8.335600000000e+03 1.507142000000e+03 1.135998838586e+03 2.196865243451e+04
9.20 1.086956521739e-01 3.201633861170e+00 3.639780213145e+01 1.516575088810e+02 3.101214400472e+00 3.951369912320e+10 2.945503152276e+01 -2.393600000000e+02 8.519200000000e+03 1.557376000000e+03 1.218135901189e+03 2.451972208445e+04
9.30 1.075268817204e-01 3.217230716221e+00 3.659508163674e+01 1.524795068198e+02 3.118360378828e+00 3.994319585280e+10 2.992024566085e+01 -2.375100000000e+02 8.704800000000e+03 1.608714000000e+03 1.305668991812e+03 2.736703003933e+04
9.40 1.063829787234e-01 3.232660756790e+00 3.679130332021e+01 1.532970971676e+02 3.135416253575e+00 4.037269258240e+10 3.038701111383e+01 -2.356400000000e+02 8.892400000000e+03 1.661168000000e+03 1.398917888408e+03 3.054497643138e+04
9.50 1.052631578947e-01 3.247927513444e+00 3.698648401781e+01 1.541103500742e+02 3.152383449288e+00 4.080218931200e+10 3.085531137771e+01 -2.337500000000e+02 9.082000000000e+03 1.714750000000e+03 1.498219337347e+03 3.409195604538e+04
9.60 1.041666666667e-01 3.263034405834e+00 3.718064012359e+01 1.549193338483e+02 3.169263353298e+00 4.123168604160e+10 3.132513029600e+01 -2.318400000000e+02 9.273600000000e+03 1.769472000000e+03 1.603927853284e+03 3.805082219039e+04
9.70 1.030927835052e-01 3.277984747300e+00 3.737378760575e+01 1.557241150240e+02 3.186057317044e+00 4.166118277120e+10 3.179645204881e+01 -2.299100000000e+02 9.467200000000e+03 1.825346000000e+03 1.716416552230e+03 4.246940443774e+04
9.80 1.020408163265e-01 3.292781749228e+00 3.756594202200e+01 1.565247584250e+02 3.202766657356e+00 4.209067950080e+10 3.226926114243e+01 -2.279600000000e+02 9.662800000000e+03 1.882384000000e+03 1.836078019052e+03 4.740108648038e+04
9.90 1.010101010101e-01 3.307428525192e+00 3.775711853413e+01 1.573213272255e+02 3.219392657689e+00 4.252017623040e+10 3.274354239940e+01 -2.259900000000e+02 9.860400000000e+03 1.940598000000e+03 1.963325210616e+03 5.290545109514e+04
10.00 1.000000000000e-01 3.321928094887e+00 3.794733192202e+01 1.581138830084e+02 3.235936569296e+00 4.294967296000e+10 3.321928094887e+01 -2.240000000000e+02 1.006000000000e+04 2.000000000000e+03 2.098592395867e+03 5.904900000000e+04
10.10 9.900990099010e-02 3.336283387864e+00 3.813659659697e+01 1.589024858207e+02 3.252399612348e+00 4.337916968960e+10 3.369646221743e+01 -2.219900000000e+02 1.026160000000e+04 2.060602000000e+03 2.242336134171e+03 6.590595730353e+04
10.20 9.803921568627e-02 3.350497247084e+00 3.832492661441e+01 1.596871942267e+02 3.268782977006e+00 4.380866641920e+10 3.417507192026e+01 -2.199600000000e+02 1.046520000000e+04 2.122416000000e+03 2.395036293265e+03 7.355916625336e+04
10.30 9.708737864078e-02 3.364572432296e+00 3.851233568611e+01 1.604680653588e+02 3.285087824445e+00 4.423816314880e+10 3.465509605265e+01 -2.179100000000e+02 1.067080000000e+04 2.185454000000e+03 2.557197108228e+03 8.210109011798e+04
10.40 9.615384615385e-02 3.378511623254e+00 3.869883719183e+01 1.612451549660e+02 3.301315287836e+00 4.466765987840e+10 3.513652088184e+01 -2.158400000000e+02 1.087840000000e+04 2.249728000000e+03 2.729348282912e+03 9.163492929413e+04
10.50 9.523809523810e-02 3.392317422779e+00 3.888444419045e+01 1.620185174602e+02 3.317466473279e+00 4.509715660800e+10 3.561933293918e+01 -2.137500000000e+02 1.108800000000e+04 2.315250000000e+03 2.912046135327e+03 1.022758681361e+05
10.60 9.433962264151e-02 3.405992359676e+00 3.906916943064e+01 1.627882059610e+02 3.333542460707e+00 4.552665333760e+10 3.610351901256e+01 -2.116400000000e+02 1.129960000000e+04 2.382032000000e+03 3.105874788512e+03 1.141524665712e+05
10.70 9.345794392523e-02 3.419538891514e+00 3.925302536111e+01 1.635542723380e+02 3.349544304741e+00 4.595615006720e+10 3.658906613920e+01 -2.095100000000e+02 1.151320000000e+04 2.450086000000e+03 3.311447408471e+03 1.274082133132e+05
10.80 9.259259259259e-02 3.432959407276e+00 3.943602414037e+01 1.643167672515e+02 3.365473035513e+00 4.638564679680e+10 3.707596159858e+01 -2.073600000000e+02 1.172880000000e+04 2.519424000000e+03 3.529407490808e+03 1.422032594411e+05
10.90 9.174311926606e-02 3.446256229890e+00 3.961817764613e+01 1.650757401922e+02 3.381329659460e+00 4.681514352640e+10 3.756419290580e+01 -2.051900000000e+02 1.194640000000e+04 2.590058000000e+03 3.760430197733e+03 1.587163532854e+05
11.00 9.090909090909e-02 3.459431618637e+00 3.979949748426e+01 1.658312395178e+02 3.397115160078e+00 4.724464025600e+10 3.805374780501e+01 -2.030000000000e+02 1.216600000000e+04 2.662000000000e+03 4.005223747165e+03 1.771470000000e+05
11.10 9.009009009009e-02 3.472487771463e+00 3.997999499750e+01 1.665833124896e+02 3.412830498649e+00 4.767413698560e+10 3.854461426324e+01 -2.007900000000e+02 1.238760000000e+04 2.735262000000e+03 4.264530855723e+03 1.977178719106e+05
11.20 8.928571428571e-02 3.485426827170e+00 4.015968127364e+01 1.673320053068e+02 3.428476614937e+00 4.810363371520e+10 3.903678046431e+01 -1.985600000000e+02 1.261120000000e+04 2.809856000000e+03 4.539130237417e+03 2.206774987601e+05
11.30 8.849557522124e-02 3.498250867528e+00 4.033856715353e+01 1.680773631397e+02 3.444054427859e+00 4.853313044480e+10 3.953023480306e+01 -1.963100000000e+02 1.283680000000e+04 2.885794000000e+03 4.829838159947e+03 2.463032703540e+05
11.40 8.771929824561e-02 3.510961919277e+00 4.051666323872e+01 1.688194301613e+02 3.459564836126e+00 4.896262717440e+10 4.002496587976e+01 -1.940400000000e+02 1.306440000000e+04 2.963088000000e+03 5.137510060526e+03 2.749047878824e+05
11.50 8.695652173913e-02 3.523561956057e+00 4.069397989875e+01 1.695582495781e+02 3.475008718861e+00 4.939212390400e+10 4.052096249466e+01 -1.917500000000e+02 1.329400000000e+04 3.041750000000e+03 5.463042223252e+03 3.068276044084e+05
11.60 8.620689655172e-02 3.536052900240e+00 4.087052727822e+01 1.702938636593e+02 3.490386936190e+00 4.982162063360e+10 4.101821364279e+01 -1.894400000000e+02 1.352560000000e+04 3.121792000000e+03 5.807373520062e+03 3.424573997135e+05
11.70 8.547008547009e-02 3.548436624696e+00 4.104631530357e+01 1.710263137649e+02 3.505700329818e+00 5.025111736320e+10 4.151670850894e+01 -1.871100000000e+02 1.375920000000e+04 3.203226000000e+03 6.171487217393e+03 3.822246399397e+05
11.80 8.474576271186e-02 3.560714954474e+00 4.122135368956e+01 1.717556403732e+02 3.520949723569e+00 5.068061409280e+10 4.201643646280e+01 -1.847600000000e+02 1.399480000000e+04 3.286064000000e+03 6.556412850735e+03 4.266097783234e+05
11.90 8.403361344538e-02 3.572889668421e+00 4.139565194558e+01 1.724818831066e+02 3.536135923922e+00 5.111011082240e+10 4.251738705420e+01 -1.823900000000e+02 1.423240000000e+04 3.370318000000e+03 6.963228169300e+03 4.761490598562e+05
12.00 8.333333333333e-02 3.584962500721e+00 4.156921938165e+01 1.732050807569e+02 3.551259720515e+00 5.153960755200e+10 4.301955000865e+01 -1.800000000000e+02 1.447200000000e+04 3.456000000000e+03 7.393061153120e+03 5.314410000000e+05
12.10 8.264462809917e-02 3.596935142387e+00 4.174206511422e+01 1.739252713093e+02 3.566321886631e+00 5.196910428160e+10 4.352291522289e+01 -1.775900000000e+02 1.471360000000e+04 3.543122000000e+03 7.847092104943e+03 5.931536157318e+05
12.20 8.196721311475e-02 3.608809242676e+00 4.191419807178e+01 1.746424919657e+02 3.581323179674e+00 5.239860101120e+10 4.402747276064e+01 -1.751600000000e+02 1.495720000000e+04 3.631696000000e+03 8.326555819369e+03 6.620324962802e+05
12.30 8.130081300813e-02 3.620586410452e+00 4.208562700020e+01 1.753567791675e+02 3.596264341620e+00 5.282809774080e+10 4.453321284856e+01 -1.727100000000e+02 1.520280000000e+04 3.721734000000e+03 8.832743831717e+03 7.389098110619e+05
12.40 8.064516129032e-02 3.632268215500e+00 4.225636046798e+01 1.760681686166e+02 3.611146099452e+00 5.325759447040e+10 4.504012587219e+01 -1.702400000000e+02 1.545040000000e+04 3.813248000000e+03 9.367006749216e+03 8.247143636472e+05
12.50 8.000000000000e-02 3.643856189775e+00 4.242640687119e+01 1.767766952966e+02 3.625969165586e+00 5.368709120000e+10 4.554820237218e+01 -1.677500000000e+02 1.570000000000e+04 3.906250000000e+03 9.930756667170e+03 9.204828132252e+05
12.60 7.936507936508e-02 3.655351828613e+00 4.259577443832e+01 1.774823934930e+02 3.640734238273e+00 5.411658792960e+10 4.605743304052e+01 -1.652400000000e+02 1.595160000000e+04 4.000752000000e+03 1.052546967280e+04 1.027372199141e+06
12.70 7.874015748031e-02 3.666756591885e+00 4.276447123489e+01 1.781852968121e+02 3.655442001989e+00 5.454608465920e+10 4.656780871694e+01 -1.627100000000e+02 1.620520000000e+04 4.096766000000e+03 1.115268843960e+04 1.146673919819e+06
12.80 7.812500000000e-02 3.678071905113e+00 4.293250516800e+01 1.788854382000e+02 3.670093127819e+00 5.497558138880e+10 4.707932038544e+01 -1.601600000000e+02 1.646080000000e+04 4.194304000000e+03 1.181402491503e+04 1.279829334970e+06
12.90 7.751937984496e-02 3.689299160536e+00 4.309988399056e+01 1.795828499607e+02 3.684688273816e+00 5.540507811840e+10 4.759195917091e+01 -1.575900000000e+02 1.671840000000e+04 4.293378000000e+03 1.251116310460e+04 1.428447179569e+06
13.00 7.692307692308e-02 3.700439718141e+00 4.326661530557e+01 1.802775637732e+02 3.699228085356e+00 5.583457484800e+10 4.810571633583e+01 -1.550000000000e+02 1.697800000000e+04 4.394000000000e+03 1.324586195523e+04 1.594323000000e+06
13.10 7.633587786260e-02 3.711494906650e+00 4.343270657005e+01 1.809696107085e+02 3.713713195475e+00 5.626407157760e+10 4.862058327712e+01 -1.523900000000e+02 1.723960000000e+04 4.496182000000e+03 1.401995834119e+04 1.779460847195e+06
13.20 7.575757575758e-02 3.722466024471e+00 4.359816509900e+01 1.816590212458e+02 3.728144225200e+00 5.669356830720e+10 4.913655152302e+01 -1.497600000000e+02 1.750320000000e+04 4.599936000000e+03 1.483537015569e+04 1.986097488841e+06
13.30 7.518796992481e-02 3.733354340614e+00 4.376299806915e+01 1.823458252881e+02 3.742521783863e+00 5.712306503680e+10 4.965361273016e+01 -1.471100000000e+02 1.776880000000e+04 4.705274000000e+03 1.569409951149e+04 2.216729433186e+06
13.40 7.462686567164e-02 3.744161095570e+00 4.392721252254e+01 1.830300521772e+02 3.756846469410e+00 5.755256176640e+10 5.017175868064e+01 -1.444400000000e+02 1.803640000000e+04 4.812208000000e+03 1.659823605388e+04 2.474143090941e+06
13.50 7.407407407407e-02 3.754887502163e+00 4.409081537010e+01 1.837117307087e+02 3.771118868697e+00 5.798205849600e+10 5.069098127921e+01 -1.417500000000e+02 1.830600000000e+04 4.920750000000e+03 1.754996038953e+04 2.761448439676e+06
13.60 7.352941176471e-02 3.765534746363e+00 4.425381339501e+01 1.843908891459e+02 3.785339557773e+00 5.841155522560e+10 5.121127255054e+01 -1.390400000000e+02 1.857760000000e+04 5.030912000000e+03 1.855154763479e+04 3.082116597422e+06
13.70 7.299270072993e-02 3.776103988073e+00 4.441621325597e+01 1.850675552332e+02 3.799509102160e+00 5.884105195520e+10 5.173262463660e+01 -1.363100000000e+02 1.885120000000e+04 5.142706000000e+03 1.960537108704e+04 3.440021759457e+06
13.80 7.246376811594e-02 3.786596361891e+00 4.457802149042e+01 1.857417562101e+02 3.813628057120e+00 5.927054868480e+10 5.225502979409e+01 -1.335600000000e+02 1.912680000000e+04 5.256144000000e+03 2.071390602298e+04 3.839488004911e+06
13.90 7.194244604317e-02 3.797012977836e+00 4.473924451754e+01 1.864135188231e+02 3.827696967912e+00 5.970004541440e+10 5.277848039192e+01 -1.307900000000e+02 1.940440000000e+04 5.371238000000e+03 2.187973362761e+04 4.285341538706e+06
14.00 7.142857142857e-02 3.807354922058e+00 4.489988864129e+01 1.870828693387e+02 3.841716370046e+00 6.012954214400e+10 5.330296890881e+01 -1.280000000000e+02 1.968400000000e+04 5.488000000000e+03 2.310554505796e+04 4.782969000000e+06
14.10 7.092198581560e-02 3.817623257511e+00 4.505996005324e+01 1.877498335552e+02 3.855686789524e+00 6.055903887360e+10 5.382848793091e+01 -1.251900000000e+02 1.996560000000e+04 5.606442000000e+03 2.439414564557e+04 5.338382541586e+06
14.20 7.042253521127e-02 3.827819024617e+00 4.521946483540e+01 1.884144368142e+02 3.869608743073e+00 6.098853560320e+10 5.435503014957e+01 -1.223600000000e+02 2.024920000000e+04 5.726576000000e+03 2.574845924192e+04 5.958292466522e+06
14.30 6.993006993007e-02 3.837943241891e+00 4.537840896285e+01 1.890767040119e+02 3.883482738378e+00 6.141803233280e+10 5.488258835904e+01 -1.195100000000e+02 2.053480000000e+04 5.848414000000e+03 2.717153271122e+04 6.650188299557e+06
14.40 6.944444444444e-02 3.847996906555e+00 4.553679830642e+01 1.897366596101e+02 3.897309274296e+00 6.184752906240e+10 5.541115545439e+01 -1.166400000000e+02 2.082240000000e+04 5.971968000000e+03 2.866654057477e+04 7.422429272824e+06
14.50 6.896551724138e-02 3.857980995128e+00 4.569463863518e+01 1.903943276466e+02 3.911088841072e+00 6.227702579200e+10 5.594072442935e+01 -1.137500000000e+02 2.111200000000e+04 6.097250000000e+03 3.023678981157e+04 8.284345319027e+06
14.60 6.849315068493e-02 3.867896463993e+00 4.585193561890e+01 1.910497317454e+02 3.924821920549e+00 6.270652252160e+10 5.647128837429e+01 -1.108400000000e+02 2.140360000000e+04 6.224272000000e+03 3.188572481974e+04 9.246349792265e+06
14.70 6.802721088435e-02 3.877744249949e+00 4.600869483043e+01 1.917028951268e+02 3.938508986363e+00 6.313601925120e+10 5.700284047425e+01 -1.079100000000e+02 2.169720000000e+04 6.353046000000e+03 3.361693254359e+04 1.032006527837e+07
14.80 6.756756756757e-02 3.887525270742e+00 4.616492174801e+01 1.923538406167e+02 3.952150504143e+00 6.356551598080e+10 5.753537400698e+01 -1.049600000000e+02 2.199280000000e+04 6.483584000000e+03 3.543414777109e+04 1.151846401473e+07
14.90 6.711409395973e-02 3.897240425575e+00 4.632062175749e+01 1.930025906562e+02 3.965746931696e+00 6.399501271040e+10 5.806888234106e+01 -1.019900000000e+02 2.229040000000e+04 6.615898000000e+03 3.734125860692e+04 1.285602461612e+07
15.00 6.666666666667e-02 3.906890595609e+00 4.647580015449e+01 1.936491673104e+02 3.979298719188e+00 6.442450944000e+10 5.860335893413e+01 -9.900000000000e+01 2.259000000000e+04 6.750000000000e+03 3.934231212612e+04 1.434890700000e+07
15.10 6.622516556291e-02 3.916476644438e+00 4.663046214654e+01 1.942935922773e+02 3.992806309329e+00 6.485400616960e+10 5.913879733101e+01 -9.599000000000e+01 2.289160000000e+04 6.885902000000e+03 4.144152021363e+04 1.601514762476e+07
15.20 6.578947368421e-02 3.925999418556e+00 4.678461285508e+01 1.949358868962e+02 4.006270137538e+00 6.528350289920e+10 5.967519116205e+01 -9.296000000000e+01 2.319520000000e+04 7.023616000000e+03 4.364326559517e+04 1.787487739957e+07
15.30 6.535947712418e-02 3.935459747805e+00 4.693825731746e+01 1.955760721561e+02 4.019690632111e+00 6.571299962880e+10 6.021253414142e+01 -8.991000000000e+01 2.350080000000e+04 7.163154000000e+03 4.595210806502e+04 1.995056489867e+07
15.40 6.493506493506e-02 3.944858445808e+00 4.709140048884e+01 1.962141687035e+02 4.033068214387e+00 6.614249635840e+10 6.075082006544e+01 -8.684000000000e+01 2.380840000000e+04 7.304528000000e+03 4.837279091626e+04 2.226728781847e+07
15.50 6.451612903226e-02 3.954196310387e+00 4.724404724407e+01 1.968501968503e+02 4.046403298903e+00 6.657199308800e+10 6.129004281100e+01 -8.375000000000e+01 2.411800000000e+04 7.447750000000e+03 5.091024757946e+04 2.485303595708e+07
15.60 6.410256410256e-02 3.963474123975e+00 4.739620237952e+01 1.974841765813e+02 4.059696293546e+00 6.700148981760e+10 6.183019633401e+01 -8.064000000000e+01 2.442960000000e+04 7.592832000000e+03 5.356960847574e+04 2.773904937680e+07
15.70 6.369426751592e-02 3.972692654004e+00 4.754787061478e+01 1.981161275616e+02 4.072947599703e+00 6.743098654720e+10 6.237127466787e+01 -7.751000000000e+01 2.474320000000e+04 7.739786000000e+03 5.635620809022e+04 3.096019583511e+07
15.80 6.329113924051e-02 3.981852653290e+00 4.769905659444e+01 1.987460691435e+02 4.086157612405e+00 6.786048327680e+10 6.291327192198e+01 -7.436000000000e+01 2.505880000000e+04 7.888624000000e+03 5.927559227239e+04 3.455539204420e+07
15.90 6.289308176101e-02 3.990954860397e+00 4.784976488970e+01 1.993740203738e+02 4.099326720467e+00 6.828998000640e+10 6.345618228031e+01 -7.119000000000e+01 2.537640000000e+04 8.039358000000e+03 6.233352576952e+04 3.856807384835e+07
16.00 6.250000000000e-02 4.000000000000e+00 4.800000000000e+01 2.000000000000e+02 4.112455306624e+00 6.871947673600e+10 6.400000000000e+01 -6.800000000000e+01 2.569600000000e+04 8.192000000000e+03 6.553600000000e+04 4.304672100000e+07
16.10 6.211180124224e-02 4.008988783227e+00 4.814976635457e+01 2.006240264774e+02 4.125543747665e+00 6.914897346560e+10 6.454471940996e+01 -6.479000000000e+01 2.601760000000e+04 8.346562000000e+03 6.888924107323e+04 4.804544287427e+07
16.20 6.172839506173e-02 4.017921907997e+00 4.829906831400e+01 2.012461179750e+02 4.138592414557e+00 6.957847019520e+10 6.509033490956e+01 -6.156000000000e+01 2.634120000000e+04 8.503056000000e+03 7.239971806295e+04 5.362463219870e+07
16.30 6.134969325153e-02 4.026800059344e+00 4.844791017165e+01 2.018662923819e+02 4.151601672578e+00 7.000796692480e+10 6.563684096730e+01 -5.831000000000e+01 2.666680000000e+04 8.661494000000e+03 7.607415154126e+04 5.985169469601e+07
16.40 6.097560975610e-02 4.035623909731e+00 4.859629615516e+01 2.024845673132e+02 4.164571881432e+00 7.043746365440e+10 6.618423211958e+01 -5.504000000000e+01 2.699440000000e+04 8.821888000000e+03 7.991952238045e+04 6.680186345542e+07
16.50 6.060606060606e-02 4.044394119358e+00 4.874423042782e+01 2.031009601159e+02 4.177503395369e+00 7.086696038400e+10 6.673250296941e+01 -5.175000000000e+01 2.732400000000e+04 8.984250000000e+03 8.394308083025e+04 7.455910787124e+07
16.60 6.024096385542e-02 4.053111336460e+00 4.889171708991e+01 2.037154878746e+02 4.190396563302e+00 7.129645711360e+10 6.728164818523e+01 -4.844000000000e+01 2.765560000000e+04 9.148592000000e+03 8.815235587794e+04 8.321714813039e+07
16.70 5.988023952096e-02 4.061776197587e+00 4.903876018009e+01 2.043281674170e+02 4.203251728918e+00 7.172595384320e+10 6.783166249970e+01 -4.511000000000e+01 2.798920000000e+04 9.314926000000e+03 9.255516489941e+04 9.288058750534e+07
16.80 5.952380952381e-02 4.070389327891e+00 4.918536367661e+01 2.049390153192e+02 4.216069230786e+00 7.215545057280e+10 6.838254070858e+01 -4.176000000000e+01 2.832480000000e+04 9.483264000000e+03 9.715962360892e+04 1.036661761326e+08
16.90 5.917159763314e-02 4.078951341395e+00 4.933153149863e+01 2.055480479109e+02 4.228849402466e+00 7.258494730240e+10 6.893427766957e+01 -3.839000000000e+01 2.866240000000e+04 9.653618000000e+03 1.019741563159e+05 1.157042215451e+08
17.00 5.882352941176e-02 4.087462841250e+00 4.947726750741e+01 2.061552812809e+02 4.241592572609e+00 7.301444403200e+10 6.948686830126e+01 -3.500000000000e+01 2.900200000000e+04 9.826000000000e+03 1.070075064974e+05 1.291401630000e+08
17.10 5.847953216374e-02 4.095924419999e+00 4.962257550752e+01 2.067607312814e+02 4.254299065059e+00 7.344394076160e+10 7.004030758197e+01 -3.159000000000e+01 2.934360000000e+04 1.000042200000e+04 1.122687476940e+05 1.441363286228e+08
17.20 5.813953488372e-02 4.104336659815e+00 4.976745924799e+01 2.073644135333e+02 4.266969198951e+00 7.387343749120e+10 7.059459054881e+01 -2.816000000000e+01 2.968720000000e+04 1.017689600000e+04 1.177672947394e+05 1.608738965961e+08
17.30 5.780346820809e-02 4.112700132749e+00 4.991192242341e+01 2.079663434309e+02 4.279603288808e+00 7.430293422080e+10 7.114971229656e+01 -2.471000000000e+01 3.003280000000e+04 1.035543400000e+04 1.235129153313e+05 1.795550840880e+08
17.40 5.747126436782e-02 4.121015400961e+00 5.005596867507e+01 2.085665361461e+02 4.292201644631e+00 7.473243095040e+10 7.170566797673e+01 -2.124000000000e+01 3.038040000000e+04 1.053604800000e+04 1.295157419537e+05 2.004055903663e+08
17.50 5.714285714286e-02 4.129283016945e+00 5.019960159204e+01 2.091650066335e+02 4.304764571990e+00 7.516192768000e+10 7.226245279654e+01 -1.775000000000e+01 3.073000000000e+04 1.071875000000e+04 1.357862841594e+05 2.236773236137e+08
17.60 5.681818181818e-02 4.137503523750e+00 5.034282471217e+01 2.097617696340e+02 4.317292372116e+00 7.559142440960e+10 7.282006201800e+01 -1.424000000000e+01 3.108160000000e+04 1.090355200000e+04 1.423354412235e+05 2.496514443912e+08
17.70 5.649717514124e-02 4.145677455196e+00 5.048564152311e+01 2.103568396796e+02 4.329785341983e+00 7.602092113920e+10 7.337849095696e+01 -1.071000000000e+01 3.143520000000e+04 1.109046600000e+04 1.491745151765e+05 2.786417625160e+08
17.80 5.617977528090e-02 4.153805336079e+00 5.062805546335e+01 2.109502310973e+02 4.342243774390e+00 7.645041786880e+10 7.393773498221e+01 -7.160000000000e+00 3.179080000000e+04 1.127950400000e+04 1.563152242279e+05 3.109985283978e+08
17.90 5.586592178771e-02 4.161887682377e+00 5.077006992313e+01 2.115419580131e+02 4.354667958051e+00 7.687991459840e+10 7.449778951455e+01 -3.590000000000e+00 3.214840000000e+04 1.147067800000e+04 1.637697165905e+05 3.471126646352e+08
18.00 5.555555555556e-02 4.169925001442e+00 5.091168824543e+01 2.121320343560e+02 4.367058177665e+00 7.730941132800e+10 7.505865002596e+01 0.000000000000e+00 3.250800000000e+04 1.166400000000e+04 1.715505847167e+05 3.874204890000e+08
18.10 5.524861878453e-02 4.177917792196e+00 5.105291372684e+01 2.127204738618e+02 4.379414713999e+00 7.773890805760e+10 7.562031203874e+01 3.610000000000e+00 3.286960000000e+04 1.185948200000e+04 1.796708799560e+05 4.324089858684e+08
18.20 5.494505494505e-02 4.185866545311e+00 5.119374961848e+01 2.133072900770e+02 4.391737843964e+00 7.816840478720e+10 7.618277112467e+01 7.240000000000e+00 3.323320000000e+04 1.205713600000e+04 1.881441276467e+05 4.826216897883e+08
18.30 5.464480874317e-02 4.193771743397e+00 5.133419912690e+01 2.138924963621e+02 4.404027840686e+00 7.859790151680e+10 7.674602290416e+01 1.089000000000e+01 3.359880000000e+04 1.225697400000e+04 1.969843426520e+05 5.386652522641e+08
18.40 5.434782608696e-02 4.201633861170e+00 5.147426541487e+01 2.144761058953e+02 4.416284973581e+00 7.902739824640e+10 7.731006304552e+01 1.456000000000e+01 3.396640000000e+04 1.245900800000e+04 2.062060453532e+05 6.012167710988e+08
18.50 5.405405405405e-02 4.209453365629e+00 5.161395160226e+01 2.150581316761e+02 4.428509508423e+00 7.945689497600e+10 7.787488726414e+01 1.825000000000e+01 3.433600000000e+04 1.266325000000e+04 2.158242781102e+05 6.710319708412e+08
18.60 5.376344086022e-02 4.217230716221e+00 5.175326076683e+01 2.156385865285e+02 4.440701707412e+00 7.988639170560e+10 7.844049132170e+01 2.196000000000e+01 3.470760000000e+04 1.286971200000e+04 2.258546222036e+05 7.489543331735e+08
18.70 5.347593582888e-02 4.224966365000e+00 5.189219594506e+01 2.162174831044e+02 4.452861829247e+00 8.031588843520e+10 7.900687102551e+01 2.569000000000e+01 3.508120000000e+04 1.307840600000e+04 2.363132152693e+05 8.359252875480e+08
18.80 5.319148936170e-02 4.232660756790e+00 5.203076013283e+01 2.167948338868e+02 4.464990129181e+00 8.074538516480e+10 7.957402222766e+01 2.944000000000e+01 3.545680000000e+04 1.328934400000e+04 2.472167692394e+05 9.329955851933e+08
18.90 5.291005291005e-02 4.240314329334e+00 5.216895628628e+01 2.173706511928e+02 4.477086859096e+00 8.117488189440e+10 8.014194082441e+01 3.321000000000e+01 3.583440000000e+04 1.350253800000e+04 2.585825888017e+05 1.041337993906e+09
19.00 5.263157894737e-02 4.247927513444e+00 5.230678732249e+01 2.179449471770e+02 4.489152267555e+00 8.160437862400e+10 8.071062275543e+01 3.700000000000e+01 3.621400000000e+04 1.371800000000e+04 2.704285903912e+05 1.162261467000e+09
19.10 5.235602094241e-02 4.255500733148e+00 5.244425612019e+01 2.185177338341e+02 4.501186599872e+00 8.203387535360e+10 8.128006400313e+01 4.081000000000e+01 3.659560000000e+04 1.393574200000e+04 2.827733217285e+05 1.297226957605e+09
19.20 5.208333333333e-02 4.263034405834e+00 5.258136552050e+01 2.190890230021e+02 4.513190098163e+00 8.246337208320e+10 8.185026059201e+01 4.464000000000e+01 3.697920000000e+04 1.415577600000e+04 2.956359819172e+05 1.447865069365e+09
19.30 5.181347150259e-02 4.270528942381e+00 5.271811832757e+01 2.196588263649e+02 4.525163001412e+00 8.289286881280e+10 8.242120858795e+01 4.849000000000e+01 3.736480000000e+04 1.437811400000e+04 3.090364421158e+05 1.615995756792e+09
19.40 5.154639175258e-02 4.277984747300e+00 5.285451730931e+01 2.202271554555e+02 4.537105545520e+00 8.332236554240e+10 8.299290409762e+01 5.236000000000e+01 3.775240000000e+04 1.460276800000e+04 3.229952667986e+05 1.803650313296e+09
19.50 5.128205128205e-02 4.285402218862e+00 5.299056519797e+01 2.207940216582e+02 4.549017963366e+00 8.375186227200e+10 8.356534326781e+01 5.625000000000e+01 3.814200000000e+04 1.482975000000e+04 3.375337356203e+05 2.013095912524e+09
19.60 5.102040816327e-02 4.292781749228e+00 5.312626469083e+01 2.213594362118e+02 4.560900484859e+00 8.418135900160e+10 8.413852228487e+01 6.016000000000e+01 3.853360000000e+04 1.505907200000e+04 3.526738658996e+05 2.246862999520e+09
19.70 5.076142131980e-02 4.300123724569e+00 5.326161845081e+01 2.219234102117e+02 4.572753336991e+00 8.461085573120e+10 8.471243737401e+01 6.409000000000e+01 3.892720000000e+04 1.529074600000e+04 3.684384357371e+05 2.507775862644e+09
19.80 5.050505050505e-02 4.307428525192e+00 5.339662910709e+01 2.224859546129e+02 4.584576743886e+00 8.504035246080e+10 8.528708479881e+01 6.804000000000e+01 3.932280000000e+04 1.552478400000e+04 3.848510077849e+05 2.798986755580e+09
19.90 5.025125628141e-02 4.314696525656e+00 5.353129925567e+01 2.230470802320e+02 4.596370926856e+00 8.546984919040e+10 8.586246086056e+01 7.201000000000e+01 3.972040000000e+04 1.576119800000e+04 4.019359536818e+05 3.124013981717e+09
20.00 5.000000000000e-02 4.321928094887e+00 5.366563145999e+01 2.236067977500e+02 4.608136104446e+00 8.589934592000e+10 8.643856189775e+01 7.600000000000e+01 4.012000000000e+04 1.600000000000e+04 4.197184791733e+05 3.486784401000e+09
20.10 4.975124378109e-02 4.329123596292e+00 5.379962825150e+01 2.241651177146e+02 4.619872492483e+00 8.632884264960e+10 8.701538428546e+01 8.001000000000e+01 4.052160000000e+04 1.624120200000e+04 4.382246499315e+05 3.891680872816e+09
20.20 4.950495049505e-02 4.336283387864e+00 5.393329213019e+01 2.247220505424e+02 4.631580304124e+00 8.675833937920e+10 8.759292443486e+01 8.404000000000e+01 4.092520000000e+04 1.648481600000e+04 4.574814180935e+05 4.343595208094e+09
20.30 4.926108374384e-02 4.343407822298e+00 5.406662556513e+01 2.252776065214e+02 4.643259749902e+00 8.718783610880e+10 8.817117879265e+01 8.809000000000e+01 4.133080000000e+04 1.673085400000e+04 4.775166495358e+05 4.847987270377e+09
20.40 4.901960784314e-02 4.350497247084e+00 5.419963099505e+01 2.258317958127e+02 4.654911037770e+00 8.761733283840e+10 8.875014384052e+01 9.216000000000e+01 4.173840000000e+04 1.697932800000e+04 4.983591519026e+05 5.410950939889e+09
20.50 4.878048780488e-02 4.357552004618e+00 5.433231082882e+01 2.263846284534e+02 4.666534373145e+00 8.804682956800e+10 8.932981609467e+01 9.625000000000e+01 4.214800000000e+04 1.723025000000e+04 5.200387034070e+05 6.039287737571e+09
20.60 4.854368932039e-02 4.364572432296e+00 5.446466744597e+01 2.269361143582e+02 4.678129958955e+00 8.847632629760e+10 8.991019210529e+01 1.003600000000e+02 4.255960000000e+04 1.748363200000e+04 5.425860824239e+05 6.740588998561e+09
20.70 4.830917874396e-02 4.371558862612e+00 5.459670319717e+01 2.274862633215e+02 4.689697995674e+00 8.890582302720e+10 9.049126845607e+01 1.044900000000e+02 4.297320000000e+04 1.773948600000e+04 5.660330978941e+05 7.523327587932e+09
20.80 4.807692307692e-02 4.378511623254e+00 5.472842040476e+01 2.280350850198e+02 4.701238681370e+00 8.933531975680e+10 9.107304176368e+01 1.086400000000e+02 4.338880000000e+04 1.799782400000e+04 5.904126205595e+05 8.396960266740e+09
20.90 4.784688995215e-02 4.385431037194e+00 5.485982136318e+01 2.285825890132e+02 4.712752211742e+00 8.976481648640e+10 9.165550867734e+01 1.128100000000e+02 4.380640000000e+04 1.825865800000e+04 6.157586150496e+05 9.372041945150e+09
21.00 4.761904761905e-02 4.392317422779e+00 5.499090833947e+01 2.291287847478e+02 4.724238780160e+00 9.019431321600e+10 9.223866587835e+01 1.170000000000e+02 4.422600000000e+04 1.852200000000e+04 6.421061728396e+05 1.046035320300e+10
21.10 4.739336492891e-02 4.399171093820e+00 5.512168357371e+01 2.296736815571e+02 4.735698577704e+00 9.062380994560e+10 9.282251007960e+01 1.212100000000e+02 4.464760000000e+04 1.878786200000e+04 6.694915461023e+05 1.167504261845e+10
21.20 4.716981132075e-02 4.405992359676e+00 5.525214927946e+01 2.302172886644e+02 4.747131793201e+00 9.105330667520e+10 9.340703802513e+01 1.254400000000e+02 4.507120000000e+04 1.905625600000e+04 6.979521824744e+05 1.303078562428e+10
21.30 4.694835680751e-02 4.412781525338e+00 5.538230764423e+01 2.307596151843e+02 4.758538613265e+00 9.148280340480e+10 9.399224648971e+01 1.296900000000e+02 4.549680000000e+04 1.932719400000e+04 7.275267607596e+05 1.454396181113e+10
21.40 4.672897196262e-02 4.419538891514e+00 5.551216082986e+01 2.313006701244e+02 4.769919222327e+00 9.191230013440e+10 9.457813227839e+01 1.339600000000e+02 4.592440000000e+04 1.960068800000e+04 7.582552275917e+05 1.623285281967e+10
21.50 4.651162790698e-02 4.426264754702e+00 5.564171097297e+01 2.318404623874e+02 4.781273802678e+00 9.234179686400e+10 9.516469222610e+01 1.382500000000e+02 4.635400000000e+04 1.987675000000e+04 7.901788350790e+05 1.811786321271e+10
21.60 4.629629629630e-02 4.432959407276e+00 5.577096018539e+01 2.323790007724e+02 4.792602534498e+00 9.277129359360e+10 9.575192319716e+01 1.425600000000e+02 4.678560000000e+04 2.015539200000e+04 8.233401794558e+05 2.022176699568e+10
21.70 4.608294930876e-02 4.439623137557e+00 5.589991055449e+01 2.329162939770e+02 4.803905595895e+00 9.320079032320e+10 9.633982208499e+01 1.468900000000e+02 4.721920000000e+04 2.043662600000e+04 8.577832407634e+05 2.256998276380e+10
21.80 4.587155963303e-02 4.446256229890e+00 5.602856414366e+01 2.334523505986e+02 4.815183162932e+00 9.363028705280e+10 9.692838581159e+01 1.512400000000e+02 4.765480000000e+04 2.072046400000e+04 8.935534235853e+05 2.519088080022e+10
21.90 4.566210045662e-02 4.452858964714e+00 5.615692299263e+01 2.339871791360e+02 4.826435409665e+00 9.405978378240e+10 9.751761132723e+01 1.556100000000e+02 4.809240000000e+04 2.100691800000e+04 9.306975988627e+05 2.811612583545e+10
22.00 4.545454545455e-02 4.459431618637e+00 5.628498911788e+01 2.345207879912e+02 4.837662508175e+00 9.448928051200e+10 9.810749561002e+01 1.600000000000e+02 4.853200000000e+04 2.129600000000e+04 9.692641468140e+05 3.138105960900e+10
22.10 4.524886877828e-02 4.465974464504e+00 5.641276451301e+01 2.350531854709e+02 4.848864628593e+00 9.491877724160e+10 9.869803566554e+01 1.644100000000e+02 4.897360000000e+04 2.158772200000e+04 1.009303000987e+06 3.502512785534e+10
22.20 4.504504504505e-02 4.472487771463e+00 5.654025114907e+01 2.355843797878e+02 4.860041939140e+00 9.534827397120e+10 9.928922852647e+01 1.688400000000e+02 4.941720000000e+04 2.188209600000e+04 1.050865693467e+06 3.909235687285e+10
22.30 4.484304932735e-02 4.478971805033e+00 5.666745097496e+01 2.361143790624e+02 4.871194606150e+00 9.577777070080e+10 9.988107125223e+01 1.732900000000e+02 4.986280000000e+04 2.217913400000e+04 1.094005401273e+06 4.363188543339e+10
22.40 4.464285714286e-02 4.485426827170e+00 5.679436591776e+01 2.366431913240e+02 4.882322794101e+00 9.620726743040e+10 1.004735609286e+02 1.777600000000e+02 5.031040000000e+04 2.247884800000e+04 1.138776993963e+06 4.869855845900e+10
22.50 4.444444444444e-02 4.491853096330e+00 5.692099788303e+01 2.371708245126e+02 4.893426665646e+00 9.663676416000e+10 1.010666946674e+02 1.822500000000e+02 5.076000000000e+04 2.278125000000e+04 1.185237082484e+06 5.435358963814e+10
22.60 4.424778761062e-02 4.498250867528e+00 5.704734875522e+01 2.376972864801e+02 4.904506381640e+00 9.706626088960e+10 1.016604696061e+02 1.867600000000e+02 5.121160000000e+04 2.308635200000e+04 1.233444069287e+06 6.066530098705e+10
22.70 4.405286343612e-02 4.504620392404e+00 5.717342039794e+01 2.382225849914e+02 4.915562101166e+00 9.749575761920e+10 1.022548829076e+02 1.912900000000e+02 5.166520000000e+04 2.339416600000e+04 1.283458199753e+06 6.770994829139e+10
22.80 4.385964912281e-02 4.510961919277e+00 5.729921465430e+01 2.387467277263e+02 4.926593981566e+00 9.792525434880e+10 1.028499317595e+02 1.958400000000e+02 5.212080000000e+04 2.370470400000e+04 1.335341614932e+06 7.557264240066e+10
22.90 4.366812227074e-02 4.517275693210e+00 5.742473334723e+01 2.392697222801e+02 4.937602178465e+00 9.835475107840e+10 1.034456133745e+02 2.004100000000e+02 5.257840000000e+04 2.401797800000e+04 1.389158405659e+06 8.434837750635e+10
23.00 4.347826086957e-02 4.523561956057e+00 5.754997827975e+01 2.397915761656e+02 4.948586845795e+00 9.878424780800e+10 1.040419249893e+02 2.050000000000e+02 5.303800000000e+04 2.433400000000e+04 1.444974668050e+06 9.414317882700e+10
23.10 4.329004329004e-02 4.529820946529e+00 5.767495123535e+01 2.403122968140e+02 4.959548135828e+00 9.921374453760e+10 1.046388638648e+02 2.096100000000e+02 5.349960000000e+04 2.465278200000e+04 1.502858560432e+06 1.050753835660e+11
23.20 4.310344827586e-02 4.536052900240e+00 5.779965397820e+01 2.408318915758e+02 4.970486199191e+00 9.964324126720e+10 1.052364272856e+02 2.142400000000e+02 5.396320000000e+04 2.497433600000e+04 1.562880361719e+06 1.172770706186e+11
23.30 4.291845493562e-02 4.542258049767e+00 5.792408825351e+01 2.413503677229e+02 4.981401184901e+00 1.000727379968e+11 1.058346125596e+02 2.188900000000e+02 5.442880000000e+04 2.529867400000e+04 1.625112531289e+06 1.308956563002e+11
23.40 4.273504273504e-02 4.548436624696e+00 5.804825578775e+01 2.418677324490e+02 4.992293240381e+00 1.005022347264e+11 1.064334170179e+02 2.235600000000e+02 5.489640000000e+04 2.562580800000e+04 1.689629770378e+06 1.460956753770e+11
23.50 4.255319148936e-02 4.554588851678e+00 5.817215828900e+01 2.423839928708e+02 5.003162511489e+00 1.009317314560e+11 1.070328380144e+02 2.282500000000e+02 5.536600000000e+04 2.595575000000e+04 1.756509085035e+06 1.630607689144e+11
23.60 4.237288135593e-02 4.560714954474e+00 5.829579744716e+01 2.428991560298e+02 5.014009142536e+00 1.013612281856e+11 1.076328729256e+02 2.329600000000e+02 5.583760000000e+04 2.628851200000e+04 1.825829850673e+06 1.819959029612e+11
23.70 4.219409282700e-02 4.566815154011e+00 5.841917493426e+01 2.434132288928e+02 5.024833276315e+00 1.017907249152e+11 1.082335191501e+02 2.376900000000e+02 5.631120000000e+04 2.662410600000e+04 1.897673878248e+06 2.031298448742e+11
23.80 4.201680672269e-02 4.572889668421e+00 5.854229240472e+01 2.439262183530e+02 5.035635054120e+00 1.022202216448e+11 1.088347741084e+02 2.424400000000e+02 5.678680000000e+04 2.696254400000e+04 1.972125482109e+06 2.267179272020e+11
23.90 4.184100418410e-02 4.578938713093e+00 5.866515149559e+01 2.444381312316e+02 5.046414615766e+00 1.026497183744e+11 1.094366352429e+02 2.472100000000e+02 5.726440000000e+04 2.730383800000e+04 2.049271549548e+06 2.530451325191e+11
24.00 4.166666666667e-02 4.584962500721e+00 5.878775382680e+01 2.449489742783e+02 5.057172099615e+00 1.030792151040e+11 1.100391000173e+02 2.520000000000e+02 5.774400000000e+04 2.764800000000e+04 2.129201612098e+06 2.824295364810e+11
24.10 4.149377593361e-02 4.590961241343e+00 5.891010100144e+01 2.454587541727e+02 5.067907642595e+00 1.035087118336e+11 1.106421659164e+02 2.568100000000e+02 5.822560000000e+04 2.799504200000e+04 2.212007918614e+06 3.152261506981e+11
24.20 4.132231404959e-02 4.596935142387e+00 5.903219460599e+01 2.459674775250e+02 5.078621380219e+00 1.039382085632e+11 1.112458304458e+02 2.616400000000e+02 5.870920000000e+04 2.834497600000e+04 2.297785510170e+06 3.518312118557e+11
24.30 4.115226337449e-02 4.602884408718e+00 5.915403621056e+01 2.464751508773e+02 5.089313446608e+00 1.043677052928e+11 1.118500911319e+02 2.664900000000e+02 5.919480000000e+04 2.869781400000e+04 2.386632296828e+06 3.926869689005e+11
24.40 4.098360655738e-02 4.608809242676e+00 5.927562736910e+01 2.469817807046e+02 5.099983974511e+00 1.047972020224e+11 1.124549455213e+02 2.713600000000e+02 5.968240000000e+04 2.905356800000e+04 2.478649136310e+06 4.382870261310e+11
24.50 4.081632653061e-02 4.614709844115e+00 5.939696961967e+01 2.474873734153e+02 5.110633095322e+00 1.052266987520e+11 1.130603911808e+02 2.762500000000e+02 6.017200000000e+04 2.941225000000e+04 2.573939914609e+06 4.891823067432e+11
24.60 4.065040650407e-02 4.620586410452e+00 5.951806448466e+01 2.479919353527e+02 5.121260939102e+00 1.056561954816e+11 1.136664256971e+02 2.811600000000e+02 6.066360000000e+04 2.977387200000e+04 2.672611628601e+06 5.459877088835e+11
24.70 4.048582995951e-02 4.626439136697e+00 5.963891347099e+01 2.484954727958e+02 5.131867634597e+00 1.060856922112e+11 1.142730466764e+02 2.860900000000e+02 6.115720000000e+04 3.013844600000e+04 2.774774470688e+06 6.093895346225e+11
24.80 4.032258064516e-02 4.632268215500e+00 5.975951807035e+01 2.489979919598e+02 5.142453309255e+00 1.065151889408e+11 1.148802517444e+02 2.910400000000e+02 6.165280000000e+04 3.050598400000e+04 2.880541915519e+06 6.801537816059e+11
24.90 4.016064257028e-02 4.638073837181e+00 5.987987975940e+01 2.494994989975e+02 5.153018089246e+00 1.069446856704e+11 1.154880385458e+02 2.960100000000e+02 6.215040000000e+04 3.087649800000e+04 2.990030808835e+06 7.591353975572e+11
25.00 4.000000000000e-02 4.643856189775e+00 6.000000000000e+01 2.500000000000e+02 5.163562099482e+00 1.073741824000e+11 1.160964047444e+02 3.010000000000e+02 6.265000000000e+04 3.125000000000e+04 3.103361458491e+06 8.472886094430e+11
25.10 3.984063745020e-02 4.649615459063e+00 6.011988023940e+01 2.504995009975e+02 5.174085463629e+00 1.078036791296e+11 1.167053480225e+02 3.060100000000e+02 6.315160000000e+04 3.162650200000e+04 3.220657727693e+06 9.456784520943e+11
25.20 3.968253968254e-02 4.655351828613e+00 6.023952191045e+01 2.509980079602e+02 5.184588304129e+00 1.082331758592e+11 1.173148660810e+02 3.110400000000e+02 6.365520000000e+04 3.200601600000e+04 3.342047130508e+06 1.055493635567e+12
25.30 3.952569169960e-02 4.661065479807e+00 6.035892643180e+01 2.514955267992e+02 5.195070742214e+00 1.086626725888e+11 1.179249566391e+02 3.160900000000e+02 6.416080000000e+04 3.238855400000e+04 3.467660929684e+06 1.178060906702e+12
25.40 3.937007874016e-02 4.666756591885e+00 6.047809520810e+01 2.519920633671e+02 5.205532897926e+00 1.090921693184e+11 1.185356174339e+02 3.211600000000e+02 6.466840000000e+04 3.277412800000e+04 3.597634236846e+06 1.314861078393e+12
25.50 3.921568627451e-02 4.672425341971e+00 6.059702963017e+01 2.524876234591e+02 5.215974890129e+00 1.095216660480e+11 1.191468462203e+02 3.262500000000e+02 6.517800000000e+04 3.316275000000e+04 3.732106115109e+06 1.467546920230e+12
25.60 3.906250000000e-02 4.678071905113e+00 6.071573107523e+01 2.529822128135e+02 5.226396836530e+00 1.099511627776e+11 1.197586407709e+02 3.313600000000e+02 6.568960000000e+04 3.355443200000e+04 3.871219684159e+06 1.637963126650e+12
25.70 3.891050583658e-02 4.683696454307e+00 6.083420090706e+01 2.534758371127e+02 5.236798853690e+00 1.103806595072e+11 1.203709988757e+02 3.364900000000e+02 6.620320000000e+04 3.394918600000e+04 4.015122227866e+06 1.828168603868e+12
25.80 3.875968992248e-02 4.689299160536e+00 6.095244047616e+01 2.539685019840e+02 5.247181057042e+00 1.108101562368e+11 1.209839183418e+02 3.416400000000e+02 6.671880000000e+04 3.434702400000e+04 4.163965304473e+06 2.040461344818e+12
25.90 3.861003861004e-02 4.694880192799e+00 6.107045112000e+01 2.544602130000e+02 5.257543560908e+00 1.112396529664e+11 1.215973969935e+02 3.468100000000e+02 6.723640000000e+04 3.474795800000e+04 4.317904859422e+06 2.277406192672e+12
26.00 3.846153846154e-02 4.700439718141e+00 6.118823416311e+01 2.549509756796e+02 5.267886478509e+00 1.116691496960e+11 1.222114326717e+02 3.520000000000e+02 6.775600000000e+04 3.515200000000e+04 4.477101340867e+06 2.541865828329e+12
26.10 3.831417624521e-02 4.705977901683e+00 6.130579091734e+01 2.554407954889e+02 5.278209921986e+00 1.120986464256e+11 1.228260232339e+02 3.572100000000e+02 6.827760000000e+04 3.555916200000e+04 4.641719817948e+06 2.837035356283e+12
26.20 3.816793893130e-02 4.711494906650e+00 6.142312268193e+01 2.559296778414e+02 5.288514002408e+00 1.125281431552e+11 1.234411665542e+02 3.624400000000e+02 6.880120000000e+04 3.596945600000e+04 4.811930101862e+06 3.166480906701e+12
26.30 3.802281368821e-02 4.716990894405e+00 6.154023074380e+01 2.564176280992e+02 5.298798829790e+00 1.129576398848e+11 1.240568605228e+02 3.676900000000e+02 6.932680000000e+04 3.638289400000e+04 4.987906869805e+06 3.534182720105e+12
26.40 3.787878787879e-02 4.722466024471e+00 6.165711637759e+01 2.569046515733e+02 5.309064513110e+00 1.133871366144e+11 1.246731030460e+02 3.729600000000e+02 6.985440000000e+04 3.679948800000e+04 5.169829791853e+06 3.944583235179e+12
26.50 3.773584905660e-02 4.727920454563e+00 6.177378084592e+01 2.573907535247e+02 5.319311160313e+00 1.138166333440e+11 1.252898920459e+02 3.782500000000e+02 7.038400000000e+04 3.721925000000e+04 5.357883660818e+06 4.402640760689e+12
26.60 3.759398496241e-02 4.733354340614e+00 6.189022539949e+01 2.578759391646e+02 5.329538878336e+00 1.142461300736e+11 1.259072254603e+02 3.835600000000e+02 7.091560000000e+04 3.764219200000e+04 5.552258525173e+06 4.913889379951e+12
26.70 3.745318352060e-02 4.738767836800e+00 6.200645127727e+01 2.583602136553e+02 5.339747773113e+00 1.146756268032e+11 1.265251012426e+02 3.888900000000e+02 7.144920000000e+04 3.806832600000e+04 5.753149825092e+06 5.484505811603e+12
26.80 3.731343283582e-02 4.744161095570e+00 6.212245970661e+01 2.588435821109e+02 5.349937949592e+00 1.151051235328e+11 1.271435173613e+02 3.942400000000e+02 7.198480000000e+04 3.849766400000e+04 5.960758531669e+06 6.121384034453e+12
26.90 3.717472118959e-02 4.749534267669e+00 6.223825190347e+01 2.593260495978e+02 5.360109511746e+00 1.155346202624e+11 1.277624718003e+02 3.996100000000e+02 7.252240000000e+04 3.893021800000e+04 6.175291289402e+06 6.832218578015e+12
27.00 3.703703703704e-02 4.754887502163e+00 6.235382907248e+01 2.598076211353e+02 5.370262562588e+00 1.159641169920e+11 1.283819625584e+02 4.050000000000e+02 7.306200000000e+04 3.936600000000e+04 6.396960561985e+06 7.625597484987e+12
27.10 3.690036900369e-02 4.760220946467e+00 6.246919240714e+01 2.602883016964e+02 5.380397204180e+00 1.163936137216e+11 1.290019876492e+02 4.104100000000e+02 7.360360000000e+04 3.980502200000e+04 6.625984781500e+06 8.511106068849e+12
27.20 3.676470588235e-02 4.765534746363e+00 6.258434308995e+01 2.607680962081e+02 5.390513537648e+00 1.168231104512e+11 1.296225451011e+02 4.158400000000e+02 7.414720000000e+04 4.024729600000e+04 6.862588501062e+06 9.499442720103e+12
27.30 3.663003663004e-02 4.770829046032e+00 6.269928229254e+01 2.612470095523e+02 5.400611663194e+00 1.172526071808e+11 1.302436329567e+02 4.212900000000e+02 7.469280000000e+04 4.069283400000e+04 7.107002551001e+06 1.060254816031e+13
27.40 3.649635036496e-02 4.776103988073e+00 6.281401117585e+01 2.617250465660e+02 5.410691680104e+00 1.176821039104e+11 1.308652492732e+02 4.267600000000e+02 7.524040000000e+04 4.114164800000e+04 7.359464198653e+06 1.183374970554e+13
27.50 3.636363636364e-02 4.781359713525e+00 6.292853089021e+01 2.622022120425e+02 5.420753686766e+00 1.181116006400e+11 1.314873921219e+02 4.322500000000e+02 7.579000000000e+04 4.159375000000e+04 7.620217311826e+06 1.320792228207e+13
27.60 3.623188405797e-02 4.786596361891e+00 6.304284257551e+01 2.626785107313e+02 5.430797780676e+00 1.185410973696e+11 1.321100595882e+02 4.377600000000e+02 7.634160000000e+04 4.204915200000e+04 7.889512526031e+06 1.474166813985e+13
27.70 3.610108303249e-02 4.791814071162e+00 6.315694736132e+01 2.631539473388e+02 5.440824058451e+00 1.189705940992e+11 1.327332497712e+02 4.432900000000e+02 7.689520000000e+04 4.250786600000e+04 8.167607415544e+06 1.645351743481e+13
27.80 3.597122302158e-02 4.797012977836e+00 6.327084636703e+01 2.636285265293e+02 5.450832615841e+00 1.194000908288e+11 1.333569607838e+02 4.488400000000e+02 7.745080000000e+04 4.296990400000e+04 8.454766668381e+06 1.836415210336e+13
27.90 3.584229390681e-02 4.802193216942e+00 6.338454070197e+01 2.641022529249e+02 5.460823547739e+00 1.198295875584e+11 1.339811907527e+02 4.544100000000e+02 7.800840000000e+04 4.343527800000e+04 8.751262265275e+06 2.049665573404e+13
28.00 3.571428571429e-02 4.807354922058e+00 6.349803146555e+01 2.645751311065e+02 5.470796948192e+00 1.202590842880e+11 1.346059378176e+02 4.600000000000e+02 7.856800000000e+04 4.390400000000e+04 9.057373662722e+06 2.287679245496e+13
28.10 3.558718861210e-02 4.812498225334e+00 6.361131974735e+01 2.650471656140e+02 5.480752910411e+00 1.206885810176e+11 1.352312001319e+02 4.656100000000e+02 7.912960000000e+04 4.437608200000e+04 9.373387980193e+06 2.553331820655e+13
28.20 3.546099290780e-02 4.817623257511e+00 6.372440662729e+01 2.655183609470e+02 5.490691526782e+00 1.211180777472e+11 1.358569758618e+02 4.712400000000e+02 7.969320000000e+04 4.485153600000e+04 9.699600191591e+06 2.849832816031e+13
28.30 3.533568904594e-02 4.822730147945e+00 6.383729317570e+01 2.659887215654e+02 5.500612888876e+00 1.215475744768e+11 1.364832631868e+02 4.768900000000e+02 8.025880000000e+04 4.533037400000e+04 1.003631332104e+07 3.180764448094e+13
28.40 3.521126760563e-02 4.827819024617e+00 6.394998045348e+01 2.664582518895e+02 5.510517087458e+00 1.219770712064e+11 1.371100602991e+02 4.825600000000e+02 8.082640000000e+04 4.581260800000e+04 1.038383864308e+07 3.550124911661e+13
28.50 3.508771929825e-02 4.832890014165e+00 6.406246951219e+01 2.669269563008e+02 5.520404212499e+00 1.224065679360e+11 1.377373654037e+02 4.882500000000e+02 8.139600000000e+04 4.629825000000e+04 1.074249588743e+07 3.962376684620e+13
28.60 3.496503496503e-02 4.837943241891e+00 6.417476139418e+01 2.673948391424e+02 5.530274353185e+00 1.228360646656e+11 1.383651767181e+02 4.939600000000e+02 8.196760000000e+04 4.678731200000e+04 1.111261344824e+07 4.422500441956e+13
28.70 3.484320557491e-02 4.842978831788e+00 6.428685713270e+01 2.678619047196e+02 5.540127597925e+00 1.232655613952e+11 1.389934924723e+02 4.996900000000e+02 8.254120000000e+04 4.727980600000e+04 1.149452859817e+07 4.936055230442e+13
28.80 3.472222222222e-02 4.847996906555e+00 6.439875775199e+01 2.683281573000e+02 5.549964034363e+00 1.236950581248e+11 1.396223109088e+02 5.054400000000e+02 8.311680000000e+04 4.777574400000e+04 1.188858770717e+07 5.509245631008e+13
28.90 3.460207612457e-02 4.852997587613e+00 6.451046426743e+01 2.687936011143e+02 5.559783749384e+00 1.241245548544e+11 1.402516302820e+02 5.112100000000e+02 8.369440000000e+04 4.827513800000e+04 1.229514646617e+07 6.148996720213e+13
29.00 3.448275862069e-02 4.857980995128e+00 6.462197768561e+01 2.692582403567e+02 5.569586829126e+00 1.245540515840e+11 1.408814488587e+02 5.170000000000e+02 8.427400000000e+04 4.877800000000e+04 1.271457011577e+07 6.863037736488e+13
29.10 3.436426116838e-02 4.862947248021e+00 6.473329900445e+01 2.697220791852e+02 5.579373358989e+00 1.249835483136e+11 1.415117649174e+02 5.228100000000e+02 8.485560000000e+04 4.928434200000e+04 1.314723367996e+07 7.659995461964e+13
29.20 3.424657534247e-02 4.867896463993e+00 6.484442921331e+01 2.701851217221e+02 5.589143423641e+00 1.254130450432e+11 1.421425767486e+02 5.286400000000e+02 8.543920000000e+04 4.979417600000e+04 1.359352220515e+07 8.549498448092e+13
29.30 3.412969283276e-02 4.872828759535e+00 6.495536929308e+01 2.706473720545e+02 5.598897107031e+00 1.258425417728e+11 1.427738826544e+02 5.344900000000e+02 8.602480000000e+04 5.030751400000e+04 1.405383100432e+07 9.542293344283e+13
29.40 3.401360544218e-02 4.877744249949e+00 6.506612021628e+01 2.711088342345e+02 5.608634492392e+00 1.262720385024e+11 1.434056809485e+02 5.403600000000e+02 8.661240000000e+04 5.082436800000e+04 1.452856590669e+07 1.065037473498e+14
29.50 3.389830508475e-02 4.882643049362e+00 6.517668294720e+01 2.715695122800e+02 5.618355662255e+00 1.267015352320e+11 1.440379699562e+02 5.462500000000e+02 8.720200000000e+04 5.134475000000e+04 1.501814351286e+07 1.188713005386e+14
29.60 3.378378378378e-02 4.887525270742e+00 6.528705844193e+01 2.720294101747e+02 5.628060698455e+00 1.271310319616e+11 1.446707480140e+02 5.521600000000e+02 8.779360000000e+04 5.186867200000e+04 1.552299145556e+07 1.326750132587e+14
29.70 3.367003367003e-02 4.892391025913e+00 6.539724764851e+01 2.724885318688e+02 5.637749682137e+00 1.275605286912e+11 1.453040134696e+02 5.580900000000e+02 8.838720000000e+04 5.239614600000e+04 1.604354866609e+07 1.480816569133e+14
29.80 3.355704697987e-02 4.897240425575e+00 6.550725150699e+01 2.729468812791e+02 5.647422693770e+00 1.279900254208e+11 1.459377646821e+02 5.640400000000e+02 8.898280000000e+04 5.292718400000e+04 1.658026564665e+07 1.652773689302e+14
29.90 3.344481605351e-02 4.902073579311e+00 6.561707094956e+01 2.734044622898e+02 5.657079813147e+00 1.284195221504e+11 1.465720000214e+02 5.700100000000e+02 8.958040000000e+04 5.346179800000e+04 1.713360474859e+07 1.844699016064e+14
30.00 3.333333333333e-02 4.906890595609e+00 6.572670690062e+01 2.738612787526e+02 5.666721119399e+00 1.288490188800e+11 1.472067178683e+02 5.760000000000e+02 9.018000000000e+04 5.400000000000e+04 1.770404045675e+07 2.058911320946e+14
30.10 3.322259136213e-02 4.911691581872e+00 6.583616027686e+01 2.743173344869e+02 5.676346691002e+00 1.292785156096e+11 1.478419166144e+02 5.820100000000e+02 9.078160000000e+04 5.454180200000e+04 1.829205967995e+07 2.297998638589e+14
30.20 3.311258278146e-02 4.916476644438e+00 6.594543198736e+01 2.747726332807e+02 5.685956605782e+00 1.297080123392e+11 1.484775946620e+02 5.880400000000e+02 9.138520000000e+04 5.508721600000e+04 1.889816204782e+07 2.564849534428e+14
30.30 3.300330033003e-02 4.921245888586e+00 6.605452293371e+01 2.752271788905e+02 5.695550940922e+00 1.301375090688e+11 1.491137504241e+02 5.940900000000e+02 9.199080000000e+04 5.563625400000e+04 1.952286021405e+07 2.862688003285e+14
30.40 3.289473684211e-02 4.925999418556e+00 6.616343401003e+01 2.756809750418e+02 5.705129772975e+00 1.305670057984e+11 1.497503823241e+02 6.001600000000e+02 9.259840000000e+04 5.618892800000e+04 2.016668016622e+07 3.195112420495e+14
30.50 3.278688524590e-02 4.930737337563e+00 6.627216610312e+01 2.761340254297e+02 5.714693177865e+00 1.309965025280e+11 1.503874887957e+02 6.062500000000e+02 9.320800000000e+04 5.674525000000e+04 2.083016154228e+07 3.566139016158e+14
30.60 3.267973856209e-02 4.935459747805e+00 6.638072009251e+01 2.765863337188e+02 5.724241230897e+00 1.314259992576e+11 1.510250682828e+02 6.123600000000e+02 9.381960000000e+04 5.730523200000e+04 2.151385795388e+07 3.980250397760e+14
30.70 3.257328990228e-02 4.940166750483e+00 6.648909685054e+01 2.770379035439e+02 5.733774006764e+00 1.318554959872e+11 1.516631192398e+02 6.184900000000e+02 9.443320000000e+04 5.786888600000e+04 2.221833731662e+07 4.442449707398e+14
30.80 3.246753246753e-02 4.944858445808e+00 6.659729724246e+01 2.774887385102e+02 5.743291579554e+00 1.322849927168e+11 1.523016401309e+02 6.246400000000e+02 9.504880000000e+04 5.843622400000e+04 2.294418218740e+07 4.958321067907e+14
30.90 3.236245954693e-02 4.949534933017e+00 6.670532212650e+01 2.779388421937e+02 5.752794022756e+00 1.327144894464e+11 1.529406294302e+02 6.308100000000e+02 9.566640000000e+04 5.900725800000e+04 2.369199010898e+07 5.534097048192e+14
31.00 3.225806451613e-02 4.954196310387e+00 6.681317235396e+01 2.783882181415e+02 5.762281409267e+00 1.331439861760e+11 1.535800856220e+02 6.370000000000e+02 9.628600000000e+04 5.958200000000e+04 2.446237396193e+07 6.176733962839e+14
31.10 3.215434083601e-02 4.958842675243e+00 6.692084876927e+01 2.788368698720e+02 5.771753811400e+00 1.335734829056e+11 1.542200072001e+02 6.432100000000e+02 9.690760000000e+04 6.016046200000e+04 2.525596232402e+07 6.893995915767e+14
31.20 3.205128205128e-02 4.963474123975e+00 6.702835221009e+01 2.792848008754e+02 5.781211300889e+00 1.340029796352e+11 1.548603926680e+02 6.494400000000e+02 9.753120000000e+04 6.074265600000e+04 2.607339983731e+07 7.694548603283e+14
31.30 3.194888178914e-02 4.968090752045e+00 6.713568350736e+01 2.797320146140e+02 5.790653948895e+00 1.344324763648e+11 1.555012405390e+02 6.556900000000e+02 9.815680000000e+04 6.132859400000e+04 2.691534758302e+07 8.588064009854e+14
31.40 3.184713375796e-02 4.972692654004e+00 6.724284348539e+01 2.801785145224e+02 5.800081826014e+00 1.348619730944e+11 1.561425493357e+02 6.619600000000e+02 9.878440000000e+04 6.191828800000e+04 2.778248346432e+07 9.585337261485e+14
31.50 3.174603174603e-02 4.977279923500e+00 6.734983296193e+01 2.806243040080e+02 5.809495002283e+00 1.352914698240e+11 1.567843175902e+02 6.682500000000e+02 9.941400000000e+04 6.251175000000e+04 2.867550259723e+07 1.069841704847e+15
31.60 3.164556962025e-02 4.981852653290e+00 6.745665274826e+01 2.810693864511e+02 5.818893547186e+00 1.357209665536e+11 1.574265438440e+02 6.745600000000e+02 1.000456000000e+05 6.310899200000e+04 2.959511770976e+07 1.194075119328e+15
31.70 3.154574132492e-02 4.986410935252e+00 6.756330364924e+01 2.815137652052e+02 5.828277529659e+00 1.361504632832e+11 1.580692266475e+02 6.808900000000e+02 1.006792000000e+05 6.371002600000e+04 3.054205954947e+07 1.332734912219e+15
31.80 3.144654088050e-02 4.990954860397e+00 6.766978646338e+01 2.819574435974e+02 5.837647018097e+00 1.365799600128e+11 1.587123645606e+02 6.872400000000e+02 1.013148000000e+05 6.431486400000e+04 3.151707729958e+07 1.487496320372e+15
31.90 3.134796238245e-02 4.995484518878e+00 6.777610198293e+01 2.824004249289e+02 5.847002080362e+00 1.370094567424e+11 1.593559561522e+02 6.936100000000e+02 1.019524000000e+05 6.492351800000e+04 3.252093900378e+07 1.660229114458e+15
32.00 3.125000000000e-02 5.000000000000e+00 6.788225099391e+01 2.828427124746e+02 5.856342783783e+00 1.374389534720e+11 1.600000000000e+02 7.000000000000e+02 1.025920000000e+05 6.553600000000e+04 3.355443200000e+07 1.853020188852e+15
32.10 3.115264797508e-02 5.004501392235e+00 6.798823427623e+01 2.832843094843e+02 5.865669195167e+00 1.378684502016e+11 1.606444946907e+02 7.064100000000e+02 1.032336000000e+05 6.615232200000e+04 3.461836336315e+07 2.068198774730e+15
32.20 3.105590062112e-02 5.008988783227e+00 6.809405260373e+01 2.837252191822e+02 5.874981380806e+00 1.382979469312e+11 1.612894388199e+02 7.128400000000e+02 1.038772000000e+05 6.677249600000e+04 3.571356035718e+07 2.308364580985e+15
32.30 3.095975232198e-02 5.013462259807e+00 6.819970674424e+01 2.841654447677e+02 5.884279406476e+00 1.387274436608e+11 1.619348309918e+02 7.192900000000e+02 1.045228000000e+05 6.739653400000e+04 3.684087089648e+07 2.576419202956e+15
32.40 3.086419753086e-02 5.017921907997e+00 6.830519745964e+01 2.846049894152e+02 5.893563337447e+00 1.391569403904e+11 1.625806698191e+02 7.257600000000e+02 1.051704000000e+05 6.802444800000e+04 3.800116401688e+07 2.875601178446e+15
32.50 3.076923076923e-02 5.022367813028e+00 6.841052550595e+01 2.850438562748e+02 5.902833238489e+00 1.395864371200e+11 1.632269539234e+02 7.322500000000e+02 1.058200000000e+05 6.865625000000e+04 3.919533035641e+07 3.209525114542e+15
32.60 3.067484662577e-02 5.026800059344e+00 6.851569163338e+01 2.854820484724e+02 5.912089173876e+00 1.400159338496e+11 1.638736819346e+02 7.387600000000e+02 1.064716000000e+05 6.929195200000e+04 4.042428264599e+07 3.582225357984e+15
32.70 3.058103975535e-02 5.031218730611e+00 6.862069658638e+01 2.859195691099e+02 5.921331207391e+00 1.404454305792e+11 1.645208524910e+02 7.452900000000e+02 1.071252000000e+05 6.993156600000e+04 4.168895621031e+07 3.998204736658e+15
32.80 3.048780487805e-02 5.035623909731e+00 6.872554110373e+01 2.863564212655e+02 5.930559402331e+00 1.408749273088e+11 1.651684642392e+02 7.518400000000e+02 1.077808000000e+05 7.057510400000e+04 4.299030947889e+07 4.462488961116e+15
32.90 3.039513677812e-02 5.040015678848e+00 6.883022591856e+01 2.867926079940e+02 5.939773821514e+00 1.413044240384e+11 1.658165158341e+02 7.584100000000e+02 1.084384000000e+05 7.122257800000e+04 4.432932450783e+07 4.980687343373e+15
33.00 3.030303030303e-02 5.044394119358e+00 6.893475175846e+01 2.872281323269e+02 5.948974527282e+00 1.417339207680e+11 1.664650059388e+02 7.650000000000e+02 1.090980000000e+05 7.187400000000e+04 4.570700751207e+07 5.559060566556e+15
33.10 3.021148036254e-02 5.048759311920e+00 6.903911934548e+01 2.876629972729e+02 5.958161581508e+00 1.421634174976e+11 1.671139332245e+02 7.716100000000e+02 1.097596000000e+05 7.252938200000e+04 4.712438940874e+07 6.204596324191e+15
33.20 3.012048192771e-02 5.053111336460e+00 6.914332939626e+01 2.880972058178e+02 5.967335045599e+00 1.425929142272e+11 1.677632963705e+02 7.782400000000e+02 1.104232000000e+05 7.318873600000e+04 4.858252637145e+07 6.925093742955e+15
33.30 3.003003003003e-02 5.057450272184e+00 6.924738262202e+01 2.885307609251e+02 5.976494980502e+00 1.430224109568e+11 1.684130940637e+02 7.848900000000e+02 1.110888000000e+05 7.385207400000e+04 5.008250039601e+07 7.729257608869e+15
33.40 2.994011976048e-02 5.061776197587e+00 6.935127972864e+01 2.889636655360e+02 5.985641446709e+00 1.434519076864e+11 1.690633249994e+02 7.915600000000e+02 1.117564000000e+05 7.451940800000e+04 5.162541987759e+07 8.626803535337e+15
33.50 2.985074626866e-02 5.066089190458e+00 6.945502141674e+01 2.893959225698e+02 5.994774504260e+00 1.438814044160e+11 1.697139878803e+02 7.982500000000e+02 1.124260000000e+05 7.519075000000e+04 5.321242019965e+07 9.628575343627e+15
33.60 2.976190476190e-02 5.070389327891e+00 6.955860838171e+01 2.898275349238e+02 6.003894212752e+00 1.443109011456e+11 1.703650814172e+02 8.049600000000e+02 1.130976000000e+05 7.586611200000e+04 5.484466433476e+07 1.074667607395e+16
33.70 2.967359050445e-02 5.074676686294e+00 6.966204131376e+01 2.902585054740e+02 6.013000631337e+00 1.447403978752e+11 1.710166043281e+02 8.116900000000e+02 1.137712000000e+05 7.654550600000e+04 5.652334345770e+07 1.199461420998e+16
33.80 2.958579881657e-02 5.078951341395e+00 6.976532089799e+01 2.906888370750e+02 6.022093818732e+00 1.451698946048e+11 1.716685553391e+02 8.184400000000e+02 1.144468000000e+05 7.722894400000e+04 5.824967757078e+07 1.338746688335e+16
33.90 2.949852507375e-02 5.083213368249e+00 6.986844781445e+01 2.911185325602e+02 6.031173833223e+00 1.455993913344e+11 1.723209331836e+02 8.252100000000e+02 1.151244000000e+05 7.791643800000e+04 6.002491614193e+07 1.494206203012e+16
34.00 2.941176470588e-02 5.087462841250e+00 6.997142273814e+01 2.915475947423e+02 6.040240732667e+00 1.460288880640e+11 1.729737366025e+02 8.320000000000e+02 1.158040000000e+05 7.860800000000e+04 6.185033875548e+07 1.667718169967e+16
34.10 2.932551319648e-02 5.091699834137e+00 7.007424633915e+01 2.919760264131e+02 6.049294574496e+00 1.464583847936e+11 1.736269643441e+02 8.388100000000e+02 1.164856000000e+05 7.930364200000e+04 6.372725577618e+07 1.861378897257e+16
34.20 2.923976608187e-02 5.095924419999e+00 7.017691928262e+01 2.924038303443e+02 6.058335415725e+00 1.468878815232e+11 1.742806151639e+02 8.456400000000e+02 1.171692000000e+05 8.000337600000e+04 6.565700902639e+07 2.077528122886e+16
34.30 2.915451895044e-02 5.100136671285e+00 7.027944222886e+01 2.928310092869e+02 6.067363312955e+00 1.473173782528e+11 1.749346878251e+02 8.524900000000e+02 1.178548000000e+05 8.070721400000e+04 6.764097247686e+07 2.318777282661e+16
34.40 2.906976744186e-02 5.104336659815e+00 7.038181583335e+01 2.932575659723e+02 6.076378322373e+00 1.477468749824e+11 1.755891810976e+02 8.593600000000e+02 1.185424000000e+05 8.141516800000e+04 6.968055295140e+07 2.588041060601e+16
34.50 2.898550724638e-02 5.108524456778e+00 7.048404074682e+01 2.936835031118e+02 6.085380499763e+00 1.481763717120e+11 1.762440937588e+02 8.662500000000e+02 1.192320000000e+05 8.212725000000e+04 7.177719084544e+07 2.888572603088e+16
34.60 2.890173410405e-02 5.112700132749e+00 7.058611761529e+01 2.941088233971e+02 6.094369900505e+00 1.486058684416e+11 1.768994245931e+02 8.731600000000e+02 1.199236000000e+05 8.284347200000e+04 7.393236085902e+07 3.224002822186e+16
34.70 2.881844380403e-02 5.116863757691e+00 7.068804708011e+01 2.945335295005e+02 6.103346579581e+00 1.490353651712e+11 1.775551723919e+02 8.800900000000e+02 1.206172000000e+05 8.356384600000e+04 7.614757274429e+07 3.598384262993e+16
34.80 2.873563218391e-02 5.121015400961e+00 7.078982977801e+01 2.949576240751e+02 6.112310591578e+00 1.494648619008e+11 1.782113359535e+02 8.870400000000e+02 1.213128000000e+05 8.428838400000e+04 7.842437206780e+07 4.016240065005e+16
34.90 2.865329512894e-02 5.125155131322e+00 7.089146634116e+01 2.953811097548e+02 6.121261990695e+00 1.498943586304e+11 1.788679140831e+02 8.940100000000e+02 1.220104000000e+05 8.501709800000e+04 8.076434098793e+07 4.482618609035e+16
35.00 2.857142857143e-02 5.129283016945e+00 7.099295739720e+01 2.958039891550e+02 6.130200830742e+00 1.503238553600e+11 1.795249055931e+02 9.010000000000e+02 1.227100000000e+05 8.575000000000e+04 8.316909904764e+07 5.003154509900e+16
35.10 2.849002849003e-02 5.133399125417e+00 7.109430356927e+01 2.962262648720e+02 6.139127165148e+00 1.507533520896e+11 1.801823093021e+02 9.080100000000e+02 1.234116000000e+05 8.648710200000e+04 8.564030398287e+07 5.584136691772e+16
35.20 2.840909090909e-02 5.137503523750e+00 7.119550547612e+01 2.966479394838e+02 6.148041046962e+00 1.511828488192e+11 1.808401240360e+02 9.150400000000e+02 1.241152000000e+05 8.722841600000e+04 8.817965254681e+07 6.232584368659e+16
35.30 2.832861189802e-02 5.141596278384e+00 7.129656373206e+01 2.970690155503e+02 6.156942528860e+00 1.516123455488e+11 1.814983486269e+02 9.220900000000e+02 1.248208000000e+05 8.797395400000e+04 9.078888135040e+07 6.956331847982e+16
35.40 2.824858757062e-02 5.145677455196e+00 7.139747894709e+01 2.974894956129e+02 6.165831663144e+00 1.520418422784e+11 1.821569819139e+02 9.291600000000e+02 1.255284000000e+05 8.872372800000e+04 9.346976771930e+07 7.764123181803e+16
35.50 2.816901408451e-02 5.149747119505e+00 7.149825172688e+01 2.979093821953e+02 6.174708501750e+00 1.524713390080e+11 1.828160227424e+02 9.362500000000e+02 1.262380000000e+05 8.947775000000e+04 9.622413056762e+07 8.665717809264e+16
35.60 2.808988764045e-02 5.153805336079e+00 7.159888267285e+01 2.983286778035e+02 6.183573096251e+00 1.529008357376e+11 1.834754699644e+02 9.433600000000e+02 1.269496000000e+05 9.023603200000e+04 9.905383128871e+07 9.672008466558e+16
35.70 2.801120448179e-02 5.157852169142e+00 7.169937238219e+01 2.987473849258e+02 6.192425497857e+00 1.533303324672e+11 1.841353224384e+02 9.504900000000e+02 1.276632000000e+05 9.099858600000e+04 1.019607746633e+08 1.079515278898e+17
35.80 2.793296089385e-02 5.161887682377e+00 7.179972144793e+01 2.991655060330e+02 6.201265757423e+00 1.537598291968e+11 1.847955790291e+02 9.576400000000e+02 1.283788000000e+05 9.176542400000e+04 1.049469097855e+08 1.204872019501e+17
35.90 2.785515320334e-02 5.165911938936e+00 7.189993045894e+01 2.995830435789e+02 6.210093925449e+00 1.541893259264e+11 1.854562386078e+02 9.648100000000e+02 1.290964000000e+05 9.253655800000e+04 1.080142310064e+08 1.344785582711e+17
36.00 2.777777777778e-02 5.169925001442e+00 7.200000000000e+01 3.000000000000e+02 6.218910052087e+00 1.546188226560e+11 1.861173000519e+02 9.720000000000e+02 1.298160000000e+05 9.331200000000e+04 1.111647788964e+08 1.500946352970e+17
36.10 2.770083102493e-02 5.173926932000e+00 7.209993065184e+01 3.004163777160e+02 6.227714187141e+00 1.550483193856e+11 1.867787622452e+02 9.792100000000e+02 1.305376000000e+05 9.409176200000e+04 1.144006412259e+08 1.675241007531e+17
36.20 2.762430939227e-02 5.177917792196e+00 7.219972299116e+01 3.008321791298e+02 6.236506380071e+00 1.554778161152e+11 1.874406240775e+02 9.864400000000e+02 1.312612000000e+05 9.487585600000e+04 1.177239539648e+08 1.869775310598e+17
36.30 2.754820936639e-02 5.181897643108e+00 7.229937759068e+01 3.012474066278e+02 6.245286679999e+00 1.559073128448e+11 1.881028844448e+02 9.936900000000e+02 1.319868000000e+05 9.566429400000e+04 1.211369023019e+08 2.086899554395e+17
36.40 2.747252747253e-02 5.185866545311e+00 7.239889501919e+01 3.016620625800e+02 6.254055135708e+00 1.563368095744e+11 1.887655422493e+02 1.000960000000e+03 1.327144000000e+05 9.645708800000e+04 1.246417216834e+08 2.329236954541e+17
36.50 2.739726027397e-02 5.189824558880e+00 7.249827584157e+01 3.020761493399e+02 6.262811795650e+00 1.567663063040e+11 1.894285963991e+02 1.008250000000e+03 1.334440000000e+05 9.725425000000e+04 1.282406988710e+08 2.599715342779e+17
36.60 2.732240437158e-02 5.193771743397e+00 7.259752061882e+01 3.024896692451e+02 6.271556707944e+00 1.571958030336e+11 1.900920458083e+02 1.015560000000e+03 1.341756000000e+05 9.805579200000e+04 1.319361730215e+08 2.901602539967e+17
36.70 2.724795640327e-02 5.197708157956e+00 7.269662990813e+01 3.029026246172e+02 6.280289920385e+00 1.576252997632e+11 1.907558893970e+02 1.022890000000e+03 1.349092000000e+05 9.886172600000e+04 1.357305367857e+08 3.238545836693e+17
36.80 2.717391304348e-02 5.201633861170e+00 7.279560426289e+01 3.033150177621e+02 6.289011480441e+00 1.580547964928e+11 1.914201260910e+02 1.030240000000e+03 1.356448000000e+05 9.967206400000e+04 1.396262374296e+08 3.614616058504e+17
36.90 2.710027100271e-02 5.205548911173e+00 7.289444423274e+01 3.037268509697e+02 6.297721435260e+00 1.584842932224e+11 1.920847548223e+02 1.037610000000e+03 1.363824000000e+05 1.004868180000e+05 1.436257779755e+08 4.034356748132e+17
37.00 2.702702702703e-02 5.209453365629e+00 7.299315036358e+01 3.041381265149e+02 6.306419831673e+00 1.589137899520e+11 1.927497745283e+02 1.045000000000e+03 1.371220000000e+05 1.013060000000e+05 1.477317183664e+08 4.502839058910e+17
37.10 2.695417789757e-02 5.213347281733e+00 7.309172319764e+01 3.045488466568e+02 6.315106716195e+00 1.593432866816e+11 1.934151841523e+02 1.052410000000e+03 1.378636000000e+05 1.021296220000e+05 1.519466766517e+08 5.025723022594e+17
37.20 2.688172043011e-02 5.217230716221e+00 7.319016327349e+01 3.049590136395e+02 6.323782135029e+00 1.597727834112e+11 1.940809826434e+02 1.059840000000e+03 1.386072000000e+05 1.029576960000e+05 1.562733301951e+08 5.609325931793e+17
37.30 2.680965147453e-02 5.221103725368e+00 7.328847112609e+01 3.053686296920e+02 6.332446134070e+00 1.602022801408e+11 1.947471689562e+02 1.067290000000e+03 1.393528000000e+05 1.037902340000e+05 1.607144169062e+08 6.260698663184e+17
37.40 2.673796791444e-02 5.224966365000e+00 7.338664728682e+01 3.057776970284e+02 6.341098758905e+00 1.606317768704e+11 1.954137420510e+02 1.074760000000e+03 1.401004000000e+05 1.046272480000e+05 1.652727364950e+08 6.987710863623e+17
37.50 2.666666666667e-02 5.228818690496e+00 7.348469228350e+01 3.061862178479e+02 6.349740054820e+00 1.610612736000e+11 1.960807008936e+02 1.082250000000e+03 1.408500000000e+05 1.054687500000e+05 1.699511517499e+08 7.799146028338e+17
37.60 2.659574468085e-02 5.232660756790e+00 7.358260664043e+01 3.065941943351e+02 6.358370066799e+00 1.614907703296e+11 1.967480444553e+02 1.089760000000e+03 1.416016000000e+05 1.063147520000e+05 1.747525898400e+08 8.704807619902e+17
37.70 2.652519893899e-02 5.236492618381e+00 7.368039087844e+01 3.070016286602e+02 6.366988839529e+00 1.619202670592e+11 1.974157717130e+02 1.097290000000e+03 1.423552000000e+05 1.071652660000e+05 1.796800436419e+08 9.715637510080e+17
37.80 2.645502645503e-02 5.240314329334e+00 7.377804551491e+01 3.074085229788e+02 6.375596417400e+00 1.623497637888e+11 1.980838816488e+02 1.104840000000e+03 1.431108000000e+05 1.080203040000e+05 1.847365730917e+08 1.084384817551e+18
37.90 2.638522427441e-02 5.244125943284e+00 7.387557106378e+01 3.078148794324e+02 6.384192844513e+00 1.627792605184e+11 1.987523732505e+02 1.112410000000e+03 1.438684000000e+05 1.088798780000e+05 1.899253065614e+08 1.210307024440e+18
38.00 2.631578947368e-02 5.247927513444e+00 7.397296803563e+01 3.082207001484e+02 6.392778164677e+00 1.632087572480e+11 1.994212455109e+02 1.120000000000e+03 1.446280000000e+05 1.097440000000e+05 1.952494422625e+08 1.350851717673e+18
38.10 2.624671916010e-02 5.251719092606e+00 7.407023693765e+01 3.086259872402e+02 6.401352421415e+00 1.636382539776e+11 2.000904974283e+02 1.127610000000e+03 1.453896000000e+05 1.106126820000e+05 2.007122496741e+08 1.507716906778e+18
38.20 2.617801047120e-02 5.255500733148e+00 7.416737827374e+01 3.090307428072e+02 6.409915657966e+00 1.640677507072e+11 2.007601280063e+02 1.135240000000e+03 1.461532000000e+05 1.114859360000e+05 2.063170709996e+08 1.682797779538e+18
38.30 2.610966057441e-02 5.259272487038e+00 7.426439254448e+01 3.094349689353e+02 6.418467917287e+00 1.644972474368e+11 2.014301362535e+02 1.142890000000e+03 1.469188000000e+05 1.123637740000e+05 2.120673226486e+08 1.878209598955e+18
38.40 2.604166666667e-02 5.263034405834e+00 7.436128024718e+01 3.098386676966e+02 6.427009242056e+00 1.649267441664e+11 2.021005211840e+02 1.150560000000e+03 1.476864000000e+05 1.132462080000e+05 2.179664967479e+08 2.096313259087e+18
38.50 2.597402597403e-02 5.266786540695e+00 7.445804187595e+01 3.102418411498e+02 6.435539674674e+00 1.653562408960e+11 2.027712818168e+02 1.158250000000e+03 1.484560000000e+05 1.141332500000e+05 2.240181626795e+08 2.339743808501e+18
38.60 2.590673575130e-02 5.270528942381e+00 7.455467792164e+01 3.106444913402e+02 6.444059257269e+00 1.657857376256e+11 2.034424171759e+02 1.165960000000e+03 1.492276000000e+05 1.150249120000e+05 2.302259686474e+08 2.611442285971e+18
38.70 2.583979328165e-02 5.274261661257e+00 7.465118887198e+01 3.110466202999e+02 6.452568031696e+00 1.662152343552e+11 2.041139262906e+02 1.173690000000e+03 1.500012000000e+05 1.159212060000e+05 2.365936432740e+08 2.914691253024e+18
38.80 2.577319587629e-02 5.277984747300e+00 7.474757521151e+01 3.114482300479e+02 6.461066039542e+00 1.666447310848e+11 2.047858081952e+02 1.181440000000e+03 1.507768000000e+05 1.168221440000e+05 2.431249972247e+08 3.253154452654e+18
38.90 2.570694087404e-02 5.281698250099e+00 7.484383742166e+01 3.118493225903e+02 6.469553322127e+00 1.670742278144e+11 2.054580619288e+02 1.189210000000e+03 1.515544000000e+05 1.177277380000e+05 2.498239248636e+08 3.630921073319e+18
39.00 2.564102564103e-02 5.285402218862e+00 7.493997598078e+01 3.122498999199e+02 6.478029920506e+00 1.675037245440e+11 2.061306865356e+02 1.197000000000e+03 1.523340000000e+05 1.186380000000e+05 2.566944059393e+08 4.052555153019e+18
39.10 2.557544757033e-02 5.289096702420e+00 7.503599136414e+01 3.126499640173e+02 6.486495875474e+00 1.679332212736e+11 2.068036810646e+02 1.204810000000e+03 1.531156000000e+05 1.195529420000e+05 2.637405073012e+08 4.523150720335e+18
39.20 2.551020408163e-02 5.292781749228e+00 7.513188404399e+01 3.130495168500e+02 6.494951227563e+00 1.683627180032e+11 2.074770445697e+02 1.212640000000e+03 1.538992000000e+05 1.204725760000e+05 2.709663846480e+08 5.048393338614e+18
39.30 2.544529262087e-02 5.296457407371e+00 7.522765448956e+01 3.134485603731e+02 6.503396017051e+00 1.687922147328e+11 2.081507761097e+02 1.220490000000e+03 1.546848000000e+05 1.213969140000e+05 2.783762843077e+08 5.634628796866e+18
39.40 2.538071065990e-02 5.300123724569e+00 7.532330316708e+01 3.138470965295e+02 6.511830283959e+00 1.692217114624e+11 2.088248747480e+02 1.228360000000e+03 1.554724000000e+05 1.223259680000e+05 2.859745450504e+08 6.288939777260e+18
39.50 2.531645569620e-02 5.303780748177e+00 7.541883053986e+01 3.142451272494e+02 6.520254068056e+00 1.696512081920e+11 2.094993395530e+02 1.236250000000e+03 1.562620000000e+05 1.232597500000e+05 2.937655999341e+08 7.019231425504e+18
39.60 2.525252525253e-02 5.307428525192e+00 7.551423706825e+01 3.146426544510e+02 6.528667408861e+00 1.700807049216e+11 2.101741695976e+02 1.244160000000e+03 1.570536000000e+05 1.241982720000e+05 3.017539781840e+08 7.834326857912e+18
39.70 2.518891687657e-02 5.311067102256e+00 7.560952320971e+01 3.150396800405e+02 6.537070345643e+00 1.705102016512e+11 2.108493639595e+02 1.252090000000e+03 1.578472000000e+05 1.251415460000e+05 3.099443071059e+08 8.744073759072e+18
39.80 2.512562814070e-02 5.314696525656e+00 7.570468941882e+01 3.154362059118e+02 6.545462917426e+00 1.709396983808e+11 2.115249217211e+02 1.260040000000e+03 1.586428000000e+05 1.260895840000e+05 3.183413140351e+08 9.759463357962e+18
39.90 2.506265664160e-02 5.318316841335e+00 7.579973614730e+01 3.158322339471e+02 6.553845162991e+00 1.713691951104e+11 2.122008419693e+02 1.268010000000e+03 1.594404000000e+05 1.270423980000e+05 3.269498283193e+08 1.089276321996e+19
40.00 2.500000000000e-02 5.321928094887e+00 7.589466384404e+01 3.162277660168e+02 6.562217120874e+00 1.717986918400e+11 2.128771237955e+02 1.276000000000e+03 1.602400000000e+05 1.280000000000e+05 3.357747833387e+08 1.215766545906e+19
40.10 2.493765586035e-02 5.325530331568e+00 7.598947295514e+01 3.166228039798e+02 6.570578829375e+00 1.722281885696e+11 2.135537662959e+02 1.284010000000e+03 1.610416000000e+05 1.289624020000e+05 3.448212185616e+08 1.356945216100e+19
40.20 2.487562189055e-02 5.329123596292e+00 7.608416392391e+01 3.170173496829e+02 6.578930326554e+00 1.726576852992e+11 2.142307685709e+02 1.292040000000e+03 1.618452000000e+05 1.299296160000e+05 3.540942816377e+08 1.514518001584e+19
40.30 2.481389578164e-02 5.332707933641e+00 7.617873719090e+01 3.174114049621e+02 6.587271650236e+00 1.730871820288e+11 2.149081297257e+02 1.300090000000e+03 1.626508000000e+05 1.309016540000e+05 3.635992305288e+08 1.690388639060e+19
40.40 2.475247524752e-02 5.336283387864e+00 7.627319319394e+01 3.178049716414e+02 6.595602838012e+00 1.735166787584e+11 2.155858488697e+02 1.308160000000e+03 1.634584000000e+05 1.318785280000e+05 3.733414356778e+08 1.886681933178e+19
40.50 2.469135802469e-02 5.339850002885e+00 7.636753236815e+01 3.181980515339e+02 6.603923927242e+00 1.739461754880e+11 2.162639251168e+02 1.316250000000e+03 1.642680000000e+05 1.328602500000e+05 3.833263822168e+08 2.105769427651e+19
40.60 2.463054187192e-02 5.343407822298e+00 7.646175514596e+01 3.185906464415e+02 6.612234955056e+00 1.743756722176e+11 2.169423575853e+02 1.324360000000e+03 1.650796000000e+05 1.338468320000e+05 3.935596722145e+08 2.350298057374e+19
40.70 2.457002457002e-02 5.346956889379e+00 7.655586195714e+01 3.189827581547e+02 6.620535958358e+00 1.748051689472e+11 2.176211453977e+02 1.332490000000e+03 1.658932000000e+05 1.348382860000e+05 4.040470269640e+08 2.623222127722e+19
40.80 2.450980392157e-02 5.350497247084e+00 7.664985322882e+01 3.193743884534e+02 6.628826973823e+00 1.752346656768e+11 2.183002876810e+02 1.340640000000e+03 1.667088000000e+05 1.358346240000e+05 4.147942893116e+08 2.927839007389e+19
40.90 2.444987775061e-02 5.354028938054e+00 7.674372938553e+01 3.197655391064e+02 6.637108037906e+00 1.756641624064e+11 2.189797835664e+02 1.348810000000e+03 1.675264000000e+05 1.368358580000e+05 4.258074260265e+08 3.267828965987e+19
41.00 2.439024390244e-02 5.357552004618e+00 7.683749084919e+01 3.201562118716e+02 6.645379186838e+00 1.760936591360e+11 2.196596321893e+02 1.357000000000e+03 1.683460000000e+05 1.378420000000e+05 4.370925302136e+08 3.647299637717e+19
41.10 2.433090024331e-02 5.361066488794e+00 7.693113803916e+01 3.205464084965e+02 6.653640456631e+00 1.765231558656e+11 2.203398326894e+02 1.365210000000e+03 1.691676000000e+05 1.388530620000e+05 4.486558237681e+08 4.070835648301e+19
41.20 2.427184466019e-02 5.364572432296e+00 7.702467137223e+01 3.209361307176e+02 6.661891883078e+00 1.769526525952e+11 2.210203842106e+02 1.373440000000e+03 1.699912000000e+05 1.398690560000e+05 4.605036598748e+08 4.543554004753e+19
41.30 2.421307506053e-02 5.368069876532e+00 7.711809126269e+01 3.213253802612e+02 6.670133501757e+00 1.773821493248e+11 2.217012859008e+02 1.381690000000e+03 1.708168000000e+05 1.408899940000e+05 4.726425255507e+08 5.071165917179e+19
41.40 2.415458937198e-02 5.371558862612e+00 7.721139812230e+01 3.217141588429e+02 6.678365348031e+00 1.778116460544e+11 2.223825369121e+02 1.389960000000e+03 1.716444000000e+05 1.419158880000e+05 4.850790442333e+08 5.660045799534e+19
41.50 2.409638554217e-02 5.375039431347e+00 7.730459236035e+01 3.221024681681e+02 6.686587457050e+00 1.782411427840e+11 2.230641364009e+02 1.398250000000e+03 1.724740000000e+05 1.429467500000e+05 4.978199784138e+08 6.317308282954e+19
41.60 2.403846153846e-02 5.378511623254e+00 7.739767438367e+01 3.224903099319e+02 6.694799863754e+00 1.786706395136e+11 2.237460835274e+02 1.406560000000e+03 1.733056000000e+05 1.439825920000e+05 5.108722323178e+08 7.050894172121e+19
41.70 2.398081534772e-02 5.381975478557e+00 7.749064459662e+01 3.228776858193e+02 6.703002602873e+00 1.791001362432e+11 2.244283774558e+02 1.414890000000e+03 1.741392000000e+05 1.450234260000e+05 5.242428546319e+08 7.869666383165e+19
41.80 2.392344497608e-02 5.385431037194e+00 7.758350340117e+01 3.232645975049e+02 6.711195708932e+00 1.795296329728e+11 2.251110173547e+02 1.423240000000e+03 1.749748000000e+05 1.460692640000e+05 5.379390412796e+08 8.783517022166e+19
41.90 2.386634844869e-02 5.388878338812e+00 7.767625119687e+01 3.236510466536e+02 6.719379216248e+00 1.799591297024e+11 2.257940023962e+02 1.431610000000e+03 1.758124000000e+05 1.471201180000e+05 5.519681382447e+08 9.803486897960e+19
42.00 2.380952380952e-02 5.392317422779e+00 7.776888838089e+01 3.240370349204e+02 6.727553158934e+00 1.803886264320e+11 2.264773317567e+02 1.440000000000e+03 1.766520000000e+05 1.481760000000e+05 5.663376444445e+08 1.094189891315e+20
42.10 2.375296912114e-02 5.395748328179e+00 7.786141534804e+01 3.244225639502e+02 6.735717570904e+00 1.808181231616e+11 2.271610046163e+02 1.448410000000e+03 1.774936000000e+05 1.492369220000e+05 5.810552146541e+08 1.221250694490e+20
42.20 2.369668246445e-02 5.399171093820e+00 7.795383249078e+01 3.248076353782e+02 6.743872485868e+00 1.812476198912e+11 2.278450201592e+02 1.456840000000e+03 1.783372000000e+05 1.503028960000e+05 5.961286624804e+08 1.363066201426e+20
42.30 2.364066193853e-02 5.402585758233e+00 7.804614019924e+01 3.251922508302e+02 6.752017937340e+00 1.816771166208e+11 2.285293775732e+02 1.465290000000e+03 1.791828000000e+05 1.513739340000e+05 6.115659633888e+08 1.521349775154e+20
42.40 2.358490566038e-02 5.405992359676e+00 7.813833886128e+01 3.255764119220e+02 6.760153958634e+00 1.821066133504e+11 2.292140760503e+02 1.473760000000e+03 1.800304000000e+05 1.524500480000e+05 6.273752577825e+08 1.698013739860e+20
42.50 2.352941176471e-02 5.409390936138e+00 7.823042886243e+01 3.259601202601e+02 6.768280582870e+00 1.825361100800e+11 2.298991147859e+02 1.482250000000e+03 1.808800000000e+05 1.535312500000e+05 6.435648541353e+08 1.895192484886e+20
42.60 2.347417840376e-02 5.412781525338e+00 7.832241058599e+01 3.263433774416e+02 6.776397842976e+00 1.829656068096e+11 2.305844929794e+02 1.490760000000e+03 1.817316000000e+05 1.546175520000e+05 6.601432321781e+08 2.115268251636e+20
42.70 2.341920374707e-02 5.416164164733e+00 7.841428441298e+01 3.267261850541e+02 6.784505771684e+00 1.833951035392e+11 2.312702098341e+02 1.499290000000e+03 1.825852000000e+05 1.557089660000e+05 6.771190461419e+08 2.360899914949e+20
42.80 2.336448598131e-02 5.419538891514e+00 7.850605072222e+01 3.271085446759e+02 6.792604401537e+00 1.838246002688e+11 2.319562645568e+02 1.507840000000e+03 1.834408000000e+05 1.568055040000e+05 6.945011280558e+08 2.635055106650e+20
42.90 2.331002331002e-02 5.422905742612e+00 7.859770989030e+01 3.274904578763e+02 6.800693764889e+00 1.842540969984e+11 2.326426563581e+02 1.516410000000e+03 1.842984000000e+05 1.579071780000e+05 7.122984911022e+08 2.941046069388e+20
43.00 2.325581395349e-02 5.426264754702e+00 7.868926229162e+01 3.278719262151e+02 6.808773893906e+00 1.846835937280e+11 2.333293844522e+02 1.525000000000e+03 1.851580000000e+05 1.590140000000e+05 7.305203330305e+08 3.282569673945e+20
43.10 2.320185614849e-02 5.429615964202e+00 7.878070829842e+01 3.282529512434e+02 6.816844820569e+00 1.851130904576e+11 2.340164480571e+02 1.533610000000e+03 1.860196000000e+05 1.601259820000e+05 7.491760396283e+08 3.663752083471e+20
43.20 2.314814814815e-02 5.432959407276e+00 7.887204828074e+01 3.286335345031e+02 6.824906576671e+00 1.855425871872e+11 2.347038463943e+02 1.542240000000e+03 1.868832000000e+05 1.612431360000e+05 7.682751882538e+08 4.089198604277e+20
43.30 2.309468822171e-02 5.436295119839e+00 7.896328260654e+01 3.290136775272e+02 6.832959193826e+00 1.859720839168e+11 2.353915786890e+02 1.550890000000e+03 1.877488000000e+05 1.623654740000e+05 7.878275514274e+08 4.564049325461e+20
43.40 2.304147465438e-02 5.439623137557e+00 7.905441164160e+01 3.293933818400e+02 6.841002703464e+00 1.864015806464e+11 2.360796441700e+02 1.559560000000e+03 1.886164000000e+05 1.634930080000e+05 8.078431004861e+08 5.094041219581e+20
43.50 2.298850574713e-02 5.442943495849e+00 7.914543574964e+01 3.297726489568e+02 6.849037136834e+00 1.868310773760e+11 2.367680420694e+02 1.568250000000e+03 1.894860000000e+05 1.646257500000e+05 8.283320092994e+08 5.685577454658e+20
43.60 2.293577981651e-02 5.446256229890e+00 7.923635529225e+01 3.301514803844e+02 6.857062525009e+00 1.872605741056e+11 2.374567716232e+02 1.576960000000e+03 1.903576000000e+05 1.657637120000e+05 8.493046580494e+08 6.345804754909e+20
43.70 2.288329519451e-02 5.449561374613e+00 7.932717062898e+01 3.305298776208e+02 6.865078898881e+00 1.876900708352e+11 2.381458320706e+02 1.585690000000e+03 1.912312000000e+05 1.669069060000e+05 8.707716370748e+08 7.082699744848e+20
43.80 2.283105022831e-02 5.452858964714e+00 7.941788211732e+01 3.309078421555e+02 6.873086289170e+00 1.881195675648e+11 2.388352226545e+02 1.594440000000e+03 1.921068000000e+05 1.680553440000e+05 8.927437507810e+08 7.905165319949e+20
43.90 2.277904328018e-02 5.456149034648e+00 7.950849011269e+01 3.312853754695e+02 6.881084726419e+00 1.885490642944e+11 2.395249426210e+02 1.603210000000e+03 1.929844000000e+05 1.692090380000e+05 9.152320216165e+08 8.823138208164e+20
44.00 2.272727272727e-02 5.459431618637e+00 7.959899496853e+01 3.316624790355e+02 6.889074240999e+00 1.889785610240e+11 2.402149912200e+02 1.612000000000e+03 1.938640000000e+05 1.703680000000e+05 9.382476941160e+08 9.847709021836e+20
44.10 2.267573696145e-02 5.462706750670e+00 7.968939703624e+01 3.320391543177e+02 6.897054863107e+00 1.894080577536e+11 2.409053677046e+02 1.620810000000e+03 1.947456000000e+05 1.715322420000e+05 9.618022390135e+08 1.099125625041e+21
44.20 2.262443438914e-02 5.465974464504e+00 7.977969666525e+01 3.324154027719e+02 6.905026622772e+00 1.898375544832e+11 2.415960713311e+02 1.629640000000e+03 1.956292000000e+05 1.727017760000e+05 9.859073574241e+08 1.226759581283e+21
44.30 2.257336343115e-02 5.469234793668e+00 7.986989420301e+01 3.327912258459e+02 6.912989549853e+00 1.902670512128e+11 2.422871013595e+02 1.638490000000e+03 1.965148000000e+05 1.738766140000e+05 1.010574985096e+09 1.369214797638e+21
44.40 2.252252252252e-02 5.472487771463e+00 7.995998999500e+01 3.331666249792e+02 6.920943674043e+00 1.906965479424e+11 2.429784570529e+02 1.647360000000e+03 1.974024000000e+05 1.750567680000e+05 1.035817296737e+09 1.528212365874e+21
44.50 2.247191011236e-02 5.475733430966e+00 8.004998438476e+01 3.335416016032e+02 6.928889024865e+00 1.911260446720e+11 2.436701376780e+02 1.656250000000e+03 1.982920000000e+05 1.762422500000e+05 1.061646710408e+09 1.705673236397e+21
44.60 2.242152466368e-02 5.478971805033e+00 8.013987771391e+01 3.339161571413e+02 6.936825631679e+00 1.915555414016e+11 2.443621425045e+02 1.665160000000e+03 1.991836000000e+05 1.774330720000e+05 1.088075891998e+09 1.903741426473e+21
44.70 2.237136465324e-02 5.482202926296e+00 8.022967032214e+01 3.342902930089e+02 6.944753523682e+00 1.919850381312e+11 2.450544708054e+02 1.674090000000e+03 2.000772000000e+05 1.786292460000e+05 1.115117759770e+09 2.124809923454e+21
44.80 2.232142857143e-02 5.485426827170e+00 8.031936254727e+01 3.346640106136e+02 6.952672729908e+00 1.924145348608e+11 2.457471218572e+02 1.683040000000e+03 2.009728000000e+05 1.798307840000e+05 1.142785488982e+09 2.371549595985e+21
44.90 2.227171492205e-02 5.488643539854e+00 8.040895472520e+01 3.350373113550e+02 6.960583279227e+00 1.928440315904e+11 2.464400949394e+02 1.692010000000e+03 2.018704000000e+05 1.810376980000e+05 1.171092516587e+09 2.646941462449e+21
45.00 2.222222222222e-02 5.491853096330e+00 8.049844718999e+01 3.354101966250e+02 6.968485200353e+00 1.932735283200e+11 2.471333893348e+02 1.701000000000e+03 2.027700000000e+05 1.822500000000e+05 1.200052546015e+09 2.954312706551e+21
45.10 2.217294900222e-02 5.495055528368e+00 8.058784027383e+01 3.357826678076e+02 6.976378521839e+00 1.937030250496e+11 2.478270043294e+02 1.710010000000e+03 2.036716000000e+05 1.834677020000e+05 1.229679552027e+09 3.297376875124e+21
45.20 2.212389380531e-02 5.498250867528e+00 8.067713430706e+01 3.361547262794e+02 6.984263272081e+00 1.941325217792e+11 2.485209392123e+02 1.719040000000e+03 2.045752000000e+05 1.846908160000e+05 1.259987785658e+09 3.680278743850e+21
45.30 2.207505518764e-02 5.501439145159e+00 8.076632961823e+01 3.365263734093e+02 6.992139479318e+00 1.945620185088e+11 2.492151932757e+02 1.728090000000e+03 2.054808000000e+05 1.859193540000e+05 1.290991779240e+09 4.107644392915e+21
45.40 2.202643171806e-02 5.504620392404e+00 8.085542653403e+01 3.368976105585e+02 7.000007171635e+00 1.949915152384e+11 2.499097658151e+02 1.737160000000e+03 2.063884000000e+05 1.871533280000e+05 1.322706351501e+09 4.584637097623e+21
45.50 2.197802197802e-02 5.507794640199e+00 8.094442537939e+01 3.372684390808e+02 7.007866376962e+00 1.954210119680e+11 2.506046561290e+02 1.746250000000e+03 2.072980000000e+05 1.883927500000e+05 1.355146612763e+09 5.117019709192e+21
45.60 2.192982456140e-02 5.510961919277e+00 8.103332647744e+01 3.376388603227e+02 7.015717123077e+00 1.958505086976e+11 2.512998635190e+02 1.755360000000e+03 2.082096000000e+05 1.896376320000e+05 1.388327970212e+09 5.711224279418e+21
45.70 2.188183807440e-02 5.514122260171e+00 8.112213014955e+01 3.380088756231e+02 7.023559437605e+00 1.962800054272e+11 2.519953872898e+02 1.764490000000e+03 2.091232000000e+05 1.908879860000e+05 1.422266133266e+09 6.374429770363e+21
45.80 2.183406113537e-02 5.517275693210e+00 8.121083671531e+01 3.383784863138e+02 7.031393348023e+00 1.967095021568e+11 2.526912267490e+02 1.773640000000e+03 2.100388000000e+05 1.921438240000e+05 1.456977119023e+09 7.114648787954e+21
45.90 2.178649237473e-02 5.520422248526e+00 8.129944649258e+01 3.387476937191e+02 7.039218881657e+00 1.971389988864e+11 2.533873812074e+02 1.782810000000e+03 2.109564000000e+05 1.934051580000e+05 1.492477257806e+09 7.940824387348e+21
46.00 2.173913043478e-02 5.523561956057e+00 8.138795979750e+01 3.391164991563e+02 7.047036065684e+00 1.975684956160e+11 2.540838499786e+02 1.792000000000e+03 2.118760000000e+05 1.946720000000e+05 1.528783198797e+09 8.862938119653e+21
46.10 2.169197396963e-02 5.526694845542e+00 8.147637694449e+01 3.394849039354e+02 7.054844927136e+00 1.979979923456e+11 2.547806323795e+02 1.801210000000e+03 2.127976000000e+05 1.959443620000e+05 1.565911915760e+09 9.892130625373e+21
46.20 2.164502164502e-02 5.529820946529e+00 8.156469824624e+01 3.398529093593e+02 7.062645492898e+00 1.984274890752e+11 2.554777277296e+02 1.810440000000e+03 2.137212000000e+05 1.972222560000e+05 1.603880712864e+09 1.104083623155e+22
46.30 2.159827213823e-02 5.532940288373e+00 8.165292401378e+01 3.402205167241e+02 7.070437789711e+00 1.988569858048e+11 2.561751353517e+02 1.819690000000e+03 2.146468000000e+05 1.985056940000e+05 1.642707230598e+09 1.232293317874e+22
46.40 2.155172413793e-02 5.536052900240e+00 8.174105455645e+01 3.405877273185e+02 7.078221844171e+00 1.992864825344e+11 2.568728545711e+02 1.828960000000e+03 2.155744000000e+05 1.997946880000e+05 1.682409451783e+09 1.375391129287e+22
46.50 2.150537634409e-02 5.539158811108e+00 8.182909018192e+01 3.409545424246e+02 7.085997682732e+00 1.997159792640e+11 2.575708847165e+02 1.838250000000e+03 2.165040000000e+05 2.010892500000e+05 1.723005707685e+09 1.535105912758e+22
46.60 2.145922746781e-02 5.542258049767e+00 8.191703119620e+01 3.413209633175e+02 7.093765331706e+00 2.001454759936e+11 2.582692251191e+02 1.847560000000e+03 2.174356000000e+05 2.023893920000e+05 1.764514684223e+09 1.713367283825e+22
46.70 2.141327623126e-02 5.545350644822e+00 8.200487790370e+01 3.416869912654e+02 7.101524817266e+00 2.005749727232e+11 2.589678751132e+02 1.856890000000e+03 2.183692000000e+05 2.036951260000e+05 1.806955428284e+09 1.912328931109e+22
46.80 2.136752136752e-02 5.548436624696e+00 8.209263060714e+01 3.420526275297e+02 7.109276165443e+00 2.010044694528e+11 2.596668340358e+02 1.866240000000e+03 2.193048000000e+05 2.050064640000e+05 1.850347354136e+09 2.134394636386e+22
46.90 2.132196162047e-02 5.551516017628e+00 8.218028960767e+01 3.424178733653e+02 7.117019402132e+00 2.014339661824e+11 2.603661012268e+02 1.875610000000e+03 2.202424000000e+05 2.063234180000e+05 1.894710249950e+09 2.382247316204e+22
47.00 2.127659574468e-02 5.554588851678e+00 8.226785520481e+01 3.427827300201e+02 7.124754553089e+00 2.018634629120e+11 2.610656760288e+02 1.885000000000e+03 2.211820000000e+05 2.076460000000e+05 1.940064284421e+09 2.658881435896e+22
47.10 2.123142250531e-02 5.557655154725e+00 8.235532769651e+01 3.431471987355e+02 7.132481643935e+00 2.022929596416e+11 2.617655577876e+02 1.894410000000e+03 2.221236000000e+05 2.089742220000e+05 1.986430013506e+09 2.967639187612e+22
47.20 2.118644067797e-02 5.560714954474e+00 8.244270737912e+01 3.435112807464e+02 7.140200700154e+00 2.027224563712e+11 2.624657458512e+02 1.903840000000e+03 2.230672000000e+05 2.103080960000e+05 2.033828387261e+09 3.312250869465e+22
47.30 2.114164904863e-02 5.563768278452e+00 8.252999454744e+01 3.438749772810e+02 7.147911747096e+00 2.031519531008e+11 2.631662395708e+02 1.913290000000e+03 2.240128000000e+05 2.116476340000e+05 2.082280756799e+09 3.696879953623e+22
47.40 2.109704641350e-02 5.566815154011e+00 8.261718949468e+01 3.442382895612e+02 7.155614809979e+00 2.035814498304e+11 2.638670383001e+02 1.922760000000e+03 2.249604000000e+05 2.129928480000e+05 2.131808881346e+09 4.126173387861e+22
47.50 2.105263157895e-02 5.569855608331e+00 8.270429251254e+01 3.446012188023e+02 7.163309913888e+00 2.040109465600e+11 2.645681413957e+02 1.932250000000e+03 2.259100000000e+05 2.143437500000e+05 2.182434935432e+09 4.605317738273e+22
47.60 2.100840336134e-02 5.572889668421e+00 8.279130389117e+01 3.449637662132e+02 7.170997083774e+00 2.044404432896e+11 2.652695482168e+02 1.941760000000e+03 2.268616000000e+05 2.157003520000e+05 2.234181516172e+09 5.140101851476e+22
47.70 2.096436058700e-02 5.575917361118e+00 8.287822391919e+01 3.453259329966e+02 7.178676344463e+00 2.048699400192e+11 2.659712581253e+02 1.951290000000e+03 2.278152000000e+05 2.170626660000e+05 2.287071650688e+09 5.736986793327e+22
47.80 2.092050209205e-02 5.578938713093e+00 8.296505288373e+01 3.456877203489e+02 7.186347720645e+00 2.052994367488e+11 2.666732704859e+02 1.960840000000e+03 2.287708000000e+05 2.184307040000e+05 2.341128803635e+09 6.403183909159e+22
47.90 2.087682672234e-02 5.581953750849e+00 8.305179107039e+01 3.460491294600e+02 7.194011236887e+00 2.057289334784e+11 2.673755846657e+02 1.970410000000e+03 2.297284000000e+05 2.198044780000e+05 2.396376884852e+09 7.146741948613e+22
48.00 2.083333333333e-02 5.584962500721e+00 8.313843876331e+01 3.464101615138e+02 7.201666917625e+00 2.061584302080e+11 2.680782000346e+02 1.980000000000e+03 2.306880000000e+05 2.211840000000e+05 2.452840257137e+09 7.976644307687e+22
48.10 2.079002079002e-02 5.587964988883e+00 8.322499624512e+01 3.467708176880e+02 7.209314787169e+00 2.065879269376e+11 2.687811159653e+02 1.989610000000e+03 2.316496000000e+05 2.225692820000e+05 2.510543744148e+09 8.902917562835e+22
48.20 2.074688796680e-02 5.590961241343e+00 8.331146379701e+01 3.471310991542e+02 7.216954869705e+00 2.070174236672e+11 2.694843318327e+02 1.999240000000e+03 2.326132000000e+05 2.239603360000e+05 2.569512638420e+09 9.936752608394e+22
48.30 2.070393374741e-02 5.593951283948e+00 8.339784169869e+01 3.474910070779e+02 7.224587189291e+00 2.074469203968e+11 2.701878470147e+02 2.008890000000e+03 2.335788000000e+05 2.253571740000e+05 2.629772709526e+09 1.109063986087e+23
48.40 2.066115702479e-02 5.596935142387e+00 8.348413022845e+01 3.478505426185e+02 7.232211769864e+00 2.078764171264e+11 2.708916608915e+02 2.018560000000e+03 2.345464000000e+05 2.267598080000e+05 2.691350212351e+09 1.237852016358e+23
48.50 2.061855670103e-02 5.599912842187e+00 8.357032966310e+01 3.482097069296e+02 7.239828635236e+00 2.083059138560e+11 2.715957728461e+02 2.028250000000e+03 2.355160000000e+05 2.281682500000e+05 2.754271895514e+09 1.381595321482e+23
48.60 2.057613168724e-02 5.602884408718e+00 8.365644027808e+01 3.485685011587e+02 7.247437809097e+00 2.087354105856e+11 2.723001822637e+02 2.037960000000e+03 2.364876000000e+05 2.295825120000e+05 2.818565009908e+09 1.542030555443e+23
48.70 2.053388090349e-02 5.605849867195e+00 8.374246234737e+01 3.489269264474e+02 7.255039315017e+00 2.091649073152e+11 2.730048885324e+02 2.047690000000e+03 2.374612000000e+05 2.310026060000e+05 2.884257317388e+09 1.721096037998e+23
48.80 2.049180327869e-02 5.608809242676e+00 8.382839614355e+01 3.492849839315e+02 7.262633176444e+00 2.095944040448e+11 2.737098910426e+02 2.057440000000e+03 2.384368000000e+05 2.324285440000e+05 2.951377099587e+09 1.920955172748e+23
48.90 2.044989775051e-02 5.611762560065e+00 8.391424193783e+01 3.496426747409e+02 7.270219416708e+00 2.100239007744e+11 2.744151891872e+02 2.067210000000e+03 2.394144000000e+05 2.338603380000e+05 3.019953166881e+09 2.144022584584e+23
49.00 2.040816326531e-02 5.614709844115e+00 8.400000000000e+01 3.500000000000e+02 7.277798059018e+00 2.104533975040e+11 2.751207823616e+02 2.077000000000e+03 2.403940000000e+05 2.352980000000e+05 3.090014867488e+09 2.392993292306e+23
49.10 2.036659877800e-02 5.617651119427e+00 8.408567059850e+01 3.503569608271e+02 7.285369126468e+00 2.108828942336e+11 2.758266699639e+02 2.086810000000e+03 2.413756000000e+05 2.367415420000e+05 3.161592096710e+09 2.670875268851e+23
49.20 2.032520325203e-02 5.620586410452e+00 8.417125400040e+01 3.507135583350e+02 7.292932642032e+00 2.113123909632e+11 2.765328513942e+02 2.096640000000e+03 2.423592000000e+05 2.381909760000e+05 3.234715306328e+09 2.981025782518e+23
49.30 2.028397565923e-02 5.623515741491e+00 8.425675047140e+01 3.510697936308e+02 7.300488628570e+00 2.117418876928e+11 2.772393260555e+02 2.106490000000e+03 2.433448000000e+05 2.396463140000e+05 3.309415514140e+09 3.327191958261e+23
49.40 2.024291497976e-02 5.626439136697e+00 8.434216027587e+01 3.514256678161e+02 7.308037108826e+00 2.121713844224e+11 2.779460933528e+02 2.116360000000e+03 2.443324000000e+05 2.411075680000e+05 3.385724313644e+09 3.713556049074e+23
49.50 2.020202020202e-02 5.629356620080e+00 8.442748367682e+01 3.517811819868e+02 7.315578105428e+00 2.126008811520e+11 2.786531526939e+02 2.126250000000e+03 2.453220000000e+05 2.425747500000e+05 3.463673883885e+09 4.144785964446e+23
49.60 2.016129032258e-02 5.632268215500e+00 8.451272093596e+01 3.521363372332e+02 7.323111640893e+00 2.130303778816e+11 2.793605034888e+02 2.136160000000e+03 2.463136000000e+05 2.440478720000e+05 3.543296999442e+09 4.626091666328e+23
49.70 2.012072434608e-02 5.635173946675e+00 8.459787231367e+01 3.524911346403e+02 7.330637737622e+00 2.134598746112e+11 2.800681451497e+02 2.146090000000e+03 2.473072000000e+05 2.455269460000e+05 3.624627040582e+09 5.163288113994e+23
49.80 2.008032128514e-02 5.638073837181e+00 8.468293806901e+01 3.528455752875e+02 7.338156417907e+00 2.138893713408e+11 2.807760770916e+02 2.156040000000e+03 2.483028000000e+05 2.470119840000e+05 3.707698003571e+09 5.762865518243e+23
49.90 2.004008016032e-02 5.640967910450e+00 8.476791845976e+01 3.531996602490e+02 7.345667703925e+00 2.143188680704e+11 2.814842987314e+02 2.166010000000e+03 2.493004000000e+05 2.485029980000e+05 3.792544511139e+09 6.432067753752e+23
50.00 2.000000000000e-02 5.643856189775e+00 8.485281374239e+01 3.535533905933e+02 7.353171617745e+00 2.147483648000e+11 2.821928094887e+02 2.176000000000e+03 2.503000000000e+05 2.500000000000e+05 3.879201823113e+09 7.178979876919e+23
